support,bundle
0.01781,"Hugging Face Transformers, LLMs, Vector Search"
0.0178,"Hugging Face Transformers, Semantic Search, Vector Search"
0.01779,"LangChain, Pinecone, Prompt Engineering"
0.01774,"LangChain, Recommendation Systems, Sentence Transformers"
0.0177,"Information Retrieval, LLMs, Sentence Transformers"
0.01768,"LangChain, Semantic Search, Sentence Transformers"
0.01768,"Embeddings, Hugging Face Transformers, LLMs"
0.01764,"FAISS, Information Retrieval, LLMs"
0.01764,"Information Retrieval, LLMs, Vector Search"
0.01763,"LangChain, Pinecone, Sentence Transformers"
0.01762,"Information Retrieval, LLMs, Semantic Search"
0.01762,"LangChain, Prompt Engineering, Recommendation Systems"
0.01762,"LangChain, Pinecone, Recommendation Systems"
0.01758,"Information Retrieval, LangChain, Semantic Search"
0.01757,"LLMs, Semantic Search, Vector Search"
0.01757,"Hugging Face Transformers, LLMs, Semantic Search"
0.01757,"Hugging Face Transformers, LLMs, Sentence Transformers"
0.01756,"LangChain, Semantic Search, Vector Search"
0.01756,"FAISS, Hugging Face Transformers, LLMs"
0.01755,"LangChain, Prompt Engineering, RAG"
0.01755,"Pinecone, Prompt Engineering, Recommendation Systems"
0.01754,"Hugging Face Transformers, LLMs, RAG"
0.01754,"LLMs, Sentence Transformers, Vector Search"
0.01754,"Embeddings, Information Retrieval, LLMs"
0.01753,"Embeddings, LangChain, Sentence Transformers"
0.01753,"LLMs, LangChain, Sentence Transformers"
0.01753,"Information Retrieval, Semantic Search, Sentence Transformers"
0.01752,"Information Retrieval, Semantic Search, Vector Search"
0.01752,"LangChain, Recommendation Systems, Semantic Search"
0.01752,"LangChain, Prompt Engineering, Semantic Search"
0.01752,"Information Retrieval, LangChain, Sentence Transformers"
0.01751,"Pinecone, Recommendation Systems, Sentence Transformers"
0.01751,"Hugging Face Transformers, Pinecone, Semantic Search"
0.0175,"Hugging Face Transformers, Information Retrieval, Semantic Search"
0.0175,"LangChain, Prompt Engineering, Sentence Transformers"
0.01749,"Hugging Face Transformers, Pinecone, Sentence Transformers"
0.01749,"Information Retrieval, Pinecone, Semantic Search"
0.01749,"Hugging Face Transformers, LLMs, Pinecone"
0.01747,"Information Retrieval, Pinecone, Sentence Transformers"
0.01746,"Hugging Face Transformers, Information Retrieval, LLMs"
0.01746,"Hugging Face Transformers, LangChain, Sentence Transformers"
0.01745,"Hugging Face Transformers, LangChain, Prompt Engineering"
0.01745,"FAISS, LangChain, Recommendation Systems"
0.01745,"Hugging Face Transformers, LangChain, Pinecone"
0.01744,"Semantic Search, Sentence Transformers, Vector Search"
0.01744,"Hugging Face Transformers, LangChain, Semantic Search"
0.01744,"Embeddings, Hugging Face Transformers, Pinecone"
0.01743,"Embeddings, FAISS, LLMs"
0.01743,"LLMs, Recommendation Systems, Sentence Transformers"
0.01743,"Embeddings, Hugging Face Transformers, Sentence Transformers"
0.01743,"Information Retrieval, LLMs, LangChain"
0.01742,"Hugging Face Transformers, LLMs, LangChain"
0.01741,"Embeddings, Hugging Face Transformers, Vector Search"
0.01741,"Information Retrieval, LLMs, Recommendation Systems"
0.01741,"Hugging Face Transformers, Sentence Transformers, Vector Search"
0.01741,"Hugging Face Transformers, Semantic Search, Sentence Transformers"
0.0174,"Embeddings, LangChain, Pinecone"
0.0174,"Embeddings, Semantic Search, Sentence Transformers"
0.0174,"Pinecone, Semantic Search, Sentence Transformers"
0.01739,"LangChain, Prompt Engineering, Vector Search"
0.01739,"FAISS, LLMs, LangChain"
0.01739,"FAISS, LangChain, Vector Search"
0.01739,"LangChain, Pinecone, Semantic Search"
0.01738,"Embeddings, Pinecone, Sentence Transformers"
0.01738,"Embeddings, FAISS, Information Retrieval"
0.01738,"Information Retrieval, Recommendation Systems, Sentence Transformers"
0.01737,"LLMs, Semantic Search, Sentence Transformers"
0.01737,"LangChain, Recommendation Systems, Vector Search"
0.01737,"Hugging Face Transformers, Pinecone, Vector Search"
0.01737,"Embeddings, Hugging Face Transformers, Semantic Search"
0.01737,"FAISS, LLMs, Pinecone"
0.01737,"Hugging Face Transformers, Pinecone, Prompt Engineering"
0.01736,"Hugging Face Transformers, Information Retrieval, Vector Search"
0.01736,"Hugging Face Transformers, LangChain, RAG"
0.01736,"LangChain, Sentence Transformers, Vector Search"
0.01735,"Pinecone, Prompt Engineering, Sentence Transformers"
0.01735,"Recommendation Systems, Semantic Search, Sentence Transformers"
0.01735,"FAISS, Hugging Face Transformers, Vector Search"
0.01735,"Information Retrieval, LangChain, Recommendation Systems"
0.01735,"FAISS, LLMs, Vector Search"
0.01734,"Embeddings, Information Retrieval, LangChain"
0.01734,"Information Retrieval, Recommendation Systems, Semantic Search"
0.01733,"FAISS, LangChain, Semantic Search"
0.01733,"Hugging Face Transformers, LLMs, Prompt Engineering"
0.01733,"Information Retrieval, LangChain, Pinecone"
0.01733,"Information Retrieval, Pinecone, Prompt Engineering"
0.01733,"Embeddings, Information Retrieval, Semantic Search"
0.01733,"Embeddings, FAISS, LangChain"
0.01733,"Pinecone, Semantic Search, Vector Search"
0.01733,"FAISS, LangChain, Prompt Engineering"
0.01732,"Information Retrieval, Sentence Transformers, Vector Search"
0.01732,"Hugging Face Transformers, Prompt Engineering, RAG"
0.01732,"Embeddings, Hugging Face Transformers, Information Retrieval"
0.01731,"Embeddings, Hugging Face Transformers, LangChain"
0.01731,"LangChain, Pinecone, Vector Search"
0.01731,"LangChain, RAG, Semantic Search"
0.01731,"Hugging Face Transformers, LangChain, Vector Search"
0.01731,"Hugging Face Transformers, Prompt Engineering, Vector Search"
0.01731,"Hugging Face Transformers, LLMs, Recommendation Systems"
0.01731,"Hugging Face Transformers, RAG, Vector Search"
0.01731,"Embeddings, LLMs, Sentence Transformers"
0.0173,"Pinecone, Prompt Engineering, Semantic Search"
0.0173,"Prompt Engineering, Recommendation Systems, Sentence Transformers"
0.0173,"Embeddings, FAISS, Hugging Face Transformers"
0.01729,"Information Retrieval, LLMs, RAG"
0.01729,"FAISS, LLMs, Prompt Engineering"
0.01729,"Information Retrieval, LLMs, Pinecone"
0.01728,"LLMs, Recommendation Systems, Vector Search"
0.01728,"LangChain, Pinecone, RAG"
0.01728,"Hugging Face Transformers, Recommendation Systems, Sentence Transformers"
0.01728,"LangChain, RAG, Vector Search"
0.01728,"FAISS, LangChain, Pinecone"
0.01727,"Hugging Face Transformers, Information Retrieval, Sentence Transformers"
0.01727,"LangChain, RAG, Recommendation Systems"
0.01727,"Hugging Face Transformers, Pinecone, RAG"
0.01727,"Hugging Face Transformers, Information Retrieval, Pinecone"
0.01727,"Embeddings, Hugging Face Transformers, RAG"
0.01727,"LLMs, Pinecone, Sentence Transformers"
0.01727,"FAISS, LangChain, RAG"
0.01726,"FAISS, LLMs, RAG"
0.01726,"Recommendation Systems, Semantic Search, Vector Search"
0.01726,"Embeddings, FAISS, Vector Search"
0.01725,"FAISS, Pinecone, Prompt Engineering"
0.01725,"Embeddings, LLMs, Vector Search"
0.01725,"FAISS, Hugging Face Transformers, LangChain"
0.01724,"Recommendation Systems, Sentence Transformers, Vector Search"
0.01724,"FAISS, Semantic Search, Vector Search"
0.01724,"Embeddings, Information Retrieval, Sentence Transformers"
0.01724,"Pinecone, Prompt Engineering, RAG"
0.01723,"Information Retrieval, LangChain, RAG"
0.01723,"Fine-tuning LLMs, Semantic Search, Vector Search"
0.01723,"Fine-tuning LLMs, Hugging Face Transformers, RAG"
0.01723,"Embeddings, Hugging Face Transformers, Recommendation Systems"
0.01722,"Prompt Engineering, Semantic Search, Vector Search"
0.01722,"Information Retrieval, LLMs, Prompt Engineering"
0.01722,"Fine-tuning LLMs, Hugging Face Transformers, LLMs"
0.01722,"Hugging Face Transformers, Pinecone, Recommendation Systems"
0.01722,"Prompt Engineering, Recommendation Systems, Semantic Search"
0.01722,"LLMs, LangChain, Vector Search"
0.01721,"Hugging Face Transformers, Recommendation Systems, Vector Search"
0.01721,"Information Retrieval, LangChain, Prompt Engineering"
0.01721,"Embeddings, Information Retrieval, Pinecone"
0.01721,"LLMs, LangChain, Prompt Engineering"
0.01721,"Hugging Face Transformers, RAG, Semantic Search"
0.0172,"Fine-tuning LLMs, Pinecone, Prompt Engineering"
0.0172,"Pinecone, Recommendation Systems, Semantic Search"
0.0172,"Embeddings, LangChain, Semantic Search"
0.0172,"LLMs, LangChain, RAG"
0.0172,"Fine-tuning LLMs, Hugging Face Transformers, Pinecone"
0.0172,"Fine-tuning LLMs, Pinecone, Recommendation Systems"
0.01719,"FAISS, LLMs, Sentence Transformers"
0.01719,"FAISS, Information Retrieval, LangChain"
0.01719,"Embeddings, LangChain, Vector Search"
0.01719,"Hugging Face Transformers, Prompt Engineering, Semantic Search"
0.01719,"Hugging Face Transformers, Information Retrieval, LangChain"
0.01719,"LangChain, RAG, Sentence Transformers"
0.01719,"Information Retrieval, Pinecone, Recommendation Systems"
0.01719,"Fine-tuning LLMs, Hugging Face Transformers, Vector Search"
0.01718,"Pinecone, Sentence Transformers, Vector Search"
0.01718,"Embeddings, Recommendation Systems, Sentence Transformers"
0.01718,"Hugging Face Transformers, Recommendation Systems, Semantic Search"
0.01718,"LLMs, Pinecone, Prompt Engineering"
0.01717,"Embeddings, Fine-tuning LLMs, Hugging Face Transformers"
0.01717,"Fine-tuning LLMs, LangChain, Sentence Transformers"
0.01717,"Embeddings, Semantic Search, Vector Search"
0.01717,"LLMs, Pinecone, Vector Search"
0.01717,"FAISS, LLMs, Semantic Search"
0.01717,"RAG, Semantic Search, Vector Search"
0.01716,"FAISS, LLMs, Recommendation Systems"
0.01716,"LLMs, Prompt Engineering, Sentence Transformers"
0.01715,"FAISS, LangChain, Sentence Transformers"
0.01715,"Fine-tuning LLMs, Information Retrieval, Semantic Search"
0.01715,"LLMs, Recommendation Systems, Semantic Search"
0.01714,"Embeddings, Sentence Transformers, Vector Search"
0.01714,"Fine-tuning LLMs, LangChain, Pinecone"
0.01714,"Prompt Engineering, RAG, Recommendation Systems"
0.01713,"Embeddings, Information Retrieval, Vector Search"
0.01713,"Fine-tuning LLMs, LangChain, Prompt Engineering"
0.01713,"Hugging Face Transformers, LangChain, Recommendation Systems"
0.01712,"FAISS, Hugging Face Transformers, RAG"
0.01711,"Embeddings, Pinecone, Semantic Search"
0.01711,"Information Retrieval, LangChain, Vector Search"
0.01711,"FAISS, Fine-tuning LLMs, LLMs"
0.01711,"LLMs, RAG, Semantic Search"
0.01711,"LLMs, LangChain, Pinecone"
0.01711,"FAISS, Prompt Engineering, Recommendation Systems"
0.0171,"LLMs, Pinecone, Semantic Search"
0.0171,"Hugging Face Transformers, Information Retrieval, Recommendation Systems"
0.0171,"Information Retrieval, Prompt Engineering, Semantic Search"
0.0171,"FAISS, Hugging Face Transformers, Pinecone"
0.0171,"Information Retrieval, RAG, Semantic Search"
0.01709,"Embeddings, LangChain, Prompt Engineering"
0.01709,"LLMs, Prompt Engineering, RAG"
0.01709,"FAISS, Information Retrieval, Semantic Search"
0.01709,"Prompt Engineering, RAG, Semantic Search"
0.01709,"Information Retrieval, Prompt Engineering, Recommendation Systems"
0.01709,"FAISS, Hugging Face Transformers, Information Retrieval"
0.01709,"Prompt Engineering, Recommendation Systems, Vector Search"
0.01709,"LLMs, Prompt Engineering, Vector Search"
0.01708,"Prompt Engineering, Sentence Transformers, Vector Search"
0.01708,"Prompt Engineering, Semantic Search, Sentence Transformers"
0.01708,"Embeddings, LangChain, RAG"
0.01708,"FAISS, Fine-tuning LLMs, LangChain"
0.01708,"Fine-tuning LLMs, Information Retrieval, Pinecone"
0.01707,"Hugging Face Transformers, Prompt Engineering, Recommendation Systems"
0.01707,"FAISS, Information Retrieval, Pinecone"
0.01707,"Fine-tuning LLMs, Information Retrieval, LLMs"
0.01707,"Fine-tuning LLMs, Hugging Face Transformers, LangChain"
0.01707,"Embeddings, Fine-tuning LLMs, Pinecone"
0.01706,"Embeddings, FAISS, Pinecone"
0.01706,"Fine-tuning LLMs, LLMs, Pinecone"
0.01706,"LLMs, Pinecone, Recommendation Systems"
0.01706,"Fine-tuning LLMs, Hugging Face Transformers, Semantic Search"
0.01706,"Embeddings, LLMs, RAG"
0.01705,"Fine-tuning LLMs, Pinecone, Semantic Search"
0.01705,"LLMs, LangChain, Semantic Search"
0.01705,"Hugging Face Transformers, Prompt Engineering, Sentence Transformers"
0.01705,"LLMs, Prompt Engineering, Semantic Search"
0.01704,"Fine-tuning LLMs, LLMs, Vector Search"
0.01704,"LLMs, RAG, Sentence Transformers"
0.01703,"FAISS, Pinecone, Recommendation Systems"
0.01703,"Pinecone, Prompt Engineering, Vector Search"
0.01702,"Fine-tuning LLMs, Hugging Face Transformers, Sentence Transformers"
0.01702,"Embeddings, Fine-tuning LLMs, LangChain"
0.01702,"Fine-tuning LLMs, Hugging Face Transformers, Information Retrieval"
0.01702,"Information Retrieval, Recommendation Systems, Vector Search"
0.01702,"LLMs, LangChain, Recommendation Systems"
0.01702,"LLMs, RAG, Vector Search"
0.01702,"FAISS, Hugging Face Transformers, Recommendation Systems"
0.01701,"Fine-tuning LLMs, LLMs, Sentence Transformers"
0.01701,"Hugging Face Transformers, Information Retrieval, RAG"
0.01701,"Fine-tuning LLMs, Information Retrieval, LangChain"
0.01701,"Embeddings, LangChain, Recommendation Systems"
0.017,"Embeddings, Pinecone, Vector Search"
0.017,"FAISS, Recommendation Systems, Vector Search"
0.017,"Embeddings, FAISS, Recommendation Systems"
0.01699,"Embeddings, LLMs, Semantic Search"
0.01699,"Embeddings, Pinecone, Recommendation Systems"
0.01699,"FAISS, Fine-tuning LLMs, Pinecone"
0.01698,"FAISS, Hugging Face Transformers, Prompt Engineering"
0.01698,"FAISS, Prompt Engineering, RAG"
0.01697,"Embeddings, Information Retrieval, RAG"
0.01697,"Pinecone, RAG, Recommendation Systems"
0.01697,"FAISS, Information Retrieval, Vector Search"
0.01697,"LLMs, Prompt Engineering, Recommendation Systems"
0.01697,"FAISS, Fine-tuning LLMs, Hugging Face Transformers"
0.01697,"FAISS, Prompt Engineering, Vector Search"
0.01697,"FAISS, Hugging Face Transformers, Semantic Search"
0.01696,"Embeddings, LLMs, Pinecone"
0.01696,"FAISS, Information Retrieval, RAG"
0.01696,"Fine-tuning LLMs, LangChain, Vector Search"
0.01695,"Fine-tuning LLMs, LangChain, RAG"
0.01695,"Embeddings, LLMs, LangChain"
0.01694,"Embeddings, Pinecone, Prompt Engineering"
0.01694,"Pinecone, Recommendation Systems, Vector Search"
0.01694,"Hugging Face Transformers, RAG, Recommendation Systems"
0.01694,"Embeddings, LLMs, Recommendation Systems"
0.01694,"Fine-tuning LLMs, Hugging Face Transformers, Prompt Engineering"
0.01694,"Pinecone, RAG, Semantic Search"
0.01694,"Embeddings, Fine-tuning LLMs, Semantic Search"
0.01693,"Fine-tuning LLMs, Pinecone, Sentence Transformers"
0.01693,"RAG, Recommendation Systems, Semantic Search"
0.01693,"Embeddings, Fine-tuning LLMs, Information Retrieval"
0.01693,"Fine-tuning LLMs, Recommendation Systems, Sentence Transformers"
0.01692,"Embeddings, Hugging Face Transformers, Prompt Engineering"
0.01692,"Embeddings, Recommendation Systems, Vector Search"
0.01691,"Embeddings, Pinecone, RAG"
0.01691,"LLMs, RAG, Recommendation Systems"
0.01691,"Fine-tuning LLMs, Prompt Engineering, RAG"
0.01691,"Embeddings, Information Retrieval, Recommendation Systems"
0.01691,"Embeddings, FAISS, Sentence Transformers"
0.01691,"Embeddings, FAISS, Semantic Search"
0.01691,"Embeddings, Recommendation Systems, Semantic Search"
0.0169,"Hugging Face Transformers, Information Retrieval, Prompt Engineering"
0.0169,"Prompt Engineering, RAG, Vector Search"
0.0169,"Fine-tuning LLMs, Prompt Engineering, Recommendation Systems"
0.0169,"FAISS, Recommendation Systems, Sentence Transformers"
0.01689,"Fine-tuning LLMs, Pinecone, RAG"
0.01689,"Fine-tuning LLMs, LangChain, Semantic Search"
0.01689,"Fine-tuning LLMs, LLMs, RAG"
0.01689,"Fine-tuning LLMs, LLMs, LangChain"
0.01688,"Embeddings, Fine-tuning LLMs, LLMs"
0.01688,"Fine-tuning LLMs, LLMs, Semantic Search"
0.01688,"Embeddings, FAISS, RAG"
0.01687,"Information Retrieval, Prompt Engineering, Sentence Transformers"
0.01687,"FAISS, Sentence Transformers, Vector Search"
0.01687,"FAISS, Pinecone, Vector Search"
0.01687,"Fine-tuning LLMs, Pinecone, Vector Search"
0.01687,"Information Retrieval, Prompt Engineering, RAG"
0.01687,"Fine-tuning LLMs, LangChain, Recommendation Systems"
0.01687,"Fine-tuning LLMs, RAG, Semantic Search"
0.01687,"Information Retrieval, Prompt Engineering, Vector Search"
0.01686,"Embeddings, FAISS, Prompt Engineering"
0.01686,"Fine-tuning LLMs, Recommendation Systems, Semantic Search"
0.01686,"Information Retrieval, Pinecone, Vector Search"
0.01686,"Embeddings, FAISS, Fine-tuning LLMs"
0.01685,"Fine-tuning LLMs, Information Retrieval, Sentence Transformers"
0.01685,"Information Retrieval, Pinecone, RAG"
0.01685,"FAISS, Recommendation Systems, Semantic Search"
0.01685,"Fine-tuning LLMs, LLMs, Prompt Engineering"
0.01685,"Hugging Face Transformers, RAG, Sentence Transformers"
0.01685,"Fine-tuning LLMs, Prompt Engineering, Semantic Search"
0.01685,"FAISS, Hugging Face Transformers, Sentence Transformers"
0.01684,"LLMs, Pinecone, RAG"
0.01684,"Fine-tuning LLMs, Semantic Search, Sentence Transformers"
0.01684,"Fine-tuning LLMs, Information Retrieval, Prompt Engineering"
0.01684,"FAISS, RAG, Vector Search"
0.01683,"Fine-tuning LLMs, Information Retrieval, Recommendation Systems"
0.01683,"Embeddings, Information Retrieval, Prompt Engineering"
0.01682,"FAISS, Information Retrieval, Prompt Engineering"
0.01682,"Fine-tuning LLMs, LLMs, Recommendation Systems"
0.01682,"FAISS, Pinecone, RAG"
0.01682,"FAISS, Information Retrieval, Recommendation Systems"
0.01682,"RAG, Semantic Search, Sentence Transformers"
0.01681,"Prompt Engineering, RAG, Sentence Transformers"
0.01681,"Embeddings, Fine-tuning LLMs, Sentence Transformers"
0.01681,"Embeddings, Prompt Engineering, Recommendation Systems"
0.01681,"Fine-tuning LLMs, Sentence Transformers, Vector Search"
0.01681,"Information Retrieval, RAG, Recommendation Systems"
0.01681,"Information Retrieval, RAG, Vector Search"
0.0168,"FAISS, RAG, Semantic Search"
0.0168,"RAG, Recommendation Systems, Vector Search"
0.0168,"FAISS, Fine-tuning LLMs, Vector Search"
0.0168,"Embeddings, RAG, Vector Search"
0.0168,"Embeddings, RAG, Semantic Search"
0.01679,"Fine-tuning LLMs, Prompt Engineering, Sentence Transformers"
0.01678,"Fine-tuning LLMs, Recommendation Systems, Vector Search"
0.01678,"FAISS, Information Retrieval, Sentence Transformers"
0.01676,"FAISS, Fine-tuning LLMs, Semantic Search"
0.01676,"Fine-tuning LLMs, Hugging Face Transformers, Recommendation Systems"
0.01675,"Embeddings, Prompt Engineering, Semantic Search"
0.01675,"FAISS, Prompt Engineering, Semantic Search"
0.01674,"FAISS, Fine-tuning LLMs, Information Retrieval"
0.01673,"FAISS, Pinecone, Semantic Search"
0.01673,"Fine-tuning LLMs, Prompt Engineering, Vector Search"
0.01673,"Embeddings, Fine-tuning LLMs, RAG"
0.01671,"Pinecone, RAG, Vector Search"
0.01671,"Embeddings, Fine-tuning LLMs, Recommendation Systems"
0.0167,"Embeddings, Prompt Engineering, RAG"
0.0167,"Pinecone, RAG, Sentence Transformers"
0.01669,"Fine-tuning LLMs, Information Retrieval, Vector Search"
0.01669,"FAISS, RAG, Recommendation Systems"
0.01669,"Embeddings, LLMs, Prompt Engineering"
0.01668,"Fine-tuning LLMs, RAG, Vector Search"
0.01668,"FAISS, Fine-tuning LLMs, Recommendation Systems"
0.01668,"Fine-tuning LLMs, Information Retrieval, RAG"
0.01668,"Embeddings, Fine-tuning LLMs, Vector Search"
0.01667,"Embeddings, RAG, Sentence Transformers"
0.01667,"Embeddings, Prompt Engineering, Vector Search"
0.01667,"FAISS, Pinecone, Sentence Transformers"
0.01667,"Fine-tuning LLMs, RAG, Recommendation Systems"
0.01666,"FAISS, Semantic Search, Sentence Transformers"
0.01665,"FAISS, Fine-tuning LLMs, Prompt Engineering"
0.01664,"Embeddings, Prompt Engineering, Sentence Transformers"
0.01662,"RAG, Recommendation Systems, Sentence Transformers"
0.01658,"Information Retrieval, RAG, Sentence Transformers"
0.01657,"FAISS, Prompt Engineering, Sentence Transformers"
0.01656,"Embeddings, Fine-tuning LLMs, Prompt Engineering"
0.01656,"Fine-tuning LLMs, RAG, Sentence Transformers"
0.01656,"FAISS, Fine-tuning LLMs, Sentence Transformers"
0.01654,"RAG, Sentence Transformers, Vector Search"
0.01649,"Embeddings, RAG, Recommendation Systems"
0.01648,"FAISS, Fine-tuning LLMs, RAG"
0.01627,"FAISS, RAG, Sentence Transformers"
0.0124,"LangChain, Pinecone, Prompt Engineering, Recommendation Systems"
0.0123,"LangChain, Pinecone, Recommendation Systems, Sentence Transformers"
0.01222,"Hugging Face Transformers, LLMs, Semantic Search, Vector Search"
0.01216,"Pinecone, Prompt Engineering, Recommendation Systems, Sentence Transformers"
0.01215,"LangChain, Prompt Engineering, Recommendation Systems, Sentence Transformers"
0.01214,"LangChain, Pinecone, Prompt Engineering, Sentence Transformers"
0.01213,"Hugging Face Transformers, LLMs, Sentence Transformers, Vector Search"
0.0121,"Information Retrieval, LangChain, Recommendation Systems, Sentence Transformers"
0.01209,"Information Retrieval, LLMs, Sentence Transformers, Vector Search"
0.01209,"LangChain, Prompt Engineering, Recommendation Systems, Semantic Search"
0.01209,"Hugging Face Transformers, Pinecone, Semantic Search, Vector Search"
0.01208,"Embeddings, Hugging Face Transformers, LLMs, Sentence Transformers"
0.01207,"LangChain, Pinecone, Prompt Engineering, RAG"
0.01207,"Embeddings, FAISS, Information Retrieval, LLMs"
0.01206,"Hugging Face Transformers, LangChain, Pinecone, Prompt Engineering"
0.01205,"Embeddings, Hugging Face Transformers, Pinecone, Sentence Transformers"
0.01205,"LangChain, Recommendation Systems, Semantic Search, Sentence Transformers"
0.01204,"Embeddings, Hugging Face Transformers, LLMs, Vector Search"
0.01204,"Hugging Face Transformers, Pinecone, Recommendation Systems, Sentence Transformers"
0.01204,"Hugging Face Transformers, Pinecone, Semantic Search, Sentence Transformers"
0.01204,"Information Retrieval, Pinecone, Recommendation Systems, Sentence Transformers"
0.01203,"Hugging Face Transformers, Information Retrieval, Pinecone, Semantic Search"
0.01203,"Information Retrieval, LLMs, Semantic Search, Vector Search"
0.01202,"Hugging Face Transformers, LLMs, Pinecone, Vector Search"
0.01202,"Hugging Face Transformers, Information Retrieval, LLMs, Vector Search"
0.01202,"Embeddings, FAISS, Hugging Face Transformers, LLMs"
0.01202,"Information Retrieval, LangChain, Semantic Search, Sentence Transformers"
0.01201,"Information Retrieval, LLMs, Recommendation Systems, Sentence Transformers"
0.01201,"Information Retrieval, LLMs, Semantic Search, Sentence Transformers"
0.01201,"Embeddings, LangChain, Pinecone, Sentence Transformers"
0.01201,"FAISS, Hugging Face Transformers, LLMs, RAG"
0.012,"Hugging Face Transformers, Information Retrieval, Semantic Search, Vector Search"
0.012,"LangChain, Prompt Engineering, RAG, Recommendation Systems"
0.01199,"Information Retrieval, LLMs, LangChain, Sentence Transformers"
0.01198,"Embeddings, LangChain, Semantic Search, Sentence Transformers"
0.01197,"Information Retrieval, LangChain, Recommendation Systems, Semantic Search"
0.01197,"Pinecone, Prompt Engineering, RAG, Recommendation Systems"
0.01197,"Hugging Face Transformers, LangChain, Pinecone, Sentence Transformers"
0.01197,"Hugging Face Transformers, Semantic Search, Sentence Transformers, Vector Search"
0.01195,"Embeddings, Hugging Face Transformers, Information Retrieval, LLMs"
0.01195,"Hugging Face Transformers, LLMs, Semantic Search, Sentence Transformers"
0.01195,"Embeddings, Hugging Face Transformers, LLMs, Pinecone"
0.01194,"FAISS, Hugging Face Transformers, LLMs, Vector Search"
0.01194,"LLMs, Semantic Search, Sentence Transformers, Vector Search"
0.01194,"FAISS, Hugging Face Transformers, LLMs, Pinecone"
0.01194,"Hugging Face Transformers, Pinecone, Sentence Transformers, Vector Search"
0.01194,"Hugging Face Transformers, Information Retrieval, Pinecone, Sentence Transformers"
0.01193,"FAISS, LangChain, Recommendation Systems, Sentence Transformers"
0.01193,"Fine-tuning LLMs, Hugging Face Transformers, Semantic Search, Vector Search"
0.01193,"LangChain, Prompt Engineering, RAG, Semantic Search"
0.01193,"Embeddings, Hugging Face Transformers, Semantic Search, Sentence Transformers"
0.01193,"Embeddings, Hugging Face Transformers, Recommendation Systems, Sentence Transformers"
0.01193,"Information Retrieval, Semantic Search, Sentence Transformers, Vector Search"
0.01193,"LLMs, Recommendation Systems, Sentence Transformers, Vector Search"
0.01192,"Embeddings, Hugging Face Transformers, LangChain, Pinecone"
0.01191,"Embeddings, Hugging Face Transformers, LLMs, RAG"
0.01191,"LangChain, Recommendation Systems, Sentence Transformers, Vector Search"
0.01191,"Embeddings, Pinecone, Semantic Search, Sentence Transformers"
0.01191,"Hugging Face Transformers, Pinecone, Prompt Engineering, RAG"
0.01191,"Hugging Face Transformers, Information Retrieval, Semantic Search, Sentence Transformers"
0.01191,"LangChain, Prompt Engineering, Semantic Search, Sentence Transformers"
0.01191,"LangChain, Pinecone, Recommendation Systems, Semantic Search"
0.01191,"LangChain, Pinecone, Prompt Engineering, Semantic Search"
0.01191,"Hugging Face Transformers, LLMs, Pinecone, Sentence Transformers"
0.0119,"LangChain, Pinecone, RAG, Recommendation Systems"
0.0119,"Information Retrieval, Pinecone, Semantic Search, Sentence Transformers"
0.0119,"LangChain, Prompt Engineering, Semantic Search, Vector Search"
0.0119,"LLMs, LangChain, Recommendation Systems, Sentence Transformers"
0.0119,"Hugging Face Transformers, LangChain, Recommendation Systems, Sentence Transformers"
0.0119,"Hugging Face Transformers, Information Retrieval, LLMs, Semantic Search"
0.0119,"Hugging Face Transformers, Information Retrieval, LLMs, Sentence Transformers"
0.0119,"FAISS, LangChain, Semantic Search, Vector Search"
0.0119,"Hugging Face Transformers, LLMs, Recommendation Systems, Sentence Transformers"
0.01189,"Hugging Face Transformers, LangChain, Semantic Search, Vector Search"
0.01189,"Pinecone, Recommendation Systems, Semantic Search, Sentence Transformers"
0.01189,"LangChain, Pinecone, Semantic Search, Sentence Transformers"
0.01189,"Fine-tuning LLMs, Pinecone, Prompt Engineering, Recommendation Systems"
0.01189,"Fine-tuning LLMs, Hugging Face Transformers, LLMs, Vector Search"
0.01188,"Information Retrieval, LangChain, Pinecone, Prompt Engineering"
0.01188,"Hugging Face Transformers, LLMs, RAG, Vector Search"
0.01188,"LangChain, Recommendation Systems, Semantic Search, Vector Search"
0.01188,"Hugging Face Transformers, RAG, Semantic Search, Vector Search"
0.01188,"Hugging Face Transformers, Pinecone, Prompt Engineering, Recommendation Systems"
0.01188,"Embeddings, Hugging Face Transformers, Pinecone, Semantic Search"
0.01188,"Information Retrieval, LLMs, Pinecone, Sentence Transformers"
0.01187,"Information Retrieval, LangChain, Pinecone, Sentence Transformers"
0.01187,"Information Retrieval, Pinecone, Prompt Engineering, Recommendation Systems"
0.01187,"Hugging Face Transformers, LLMs, Prompt Engineering, Vector Search"
0.01187,"Hugging Face Transformers, Prompt Engineering, Semantic Search, Vector Search"
0.01187,"Hugging Face Transformers, LLMs, LangChain, Sentence Transformers"
0.01187,"Information Retrieval, Recommendation Systems, Semantic Search, Sentence Transformers"
0.01187,"Information Retrieval, LangChain, Pinecone, Recommendation Systems"
0.01187,"Embeddings, LangChain, Recommendation Systems, Sentence Transformers"
0.01186,"FAISS, LangChain, Recommendation Systems, Vector Search"
0.01186,"FAISS, LangChain, Pinecone, Recommendation Systems"
0.01186,"Embeddings, Hugging Face Transformers, LangChain, Sentence Transformers"
0.01186,"Embeddings, Hugging Face Transformers, Semantic Search, Vector Search"
0.01186,"Hugging Face Transformers, Pinecone, Prompt Engineering, Sentence Transformers"
0.01185,"Embeddings, Information Retrieval, LangChain, Sentence Transformers"
0.01185,"Embeddings, Information Retrieval, Pinecone, Sentence Transformers"
0.01185,"Embeddings, Fine-tuning LLMs, Hugging Face Transformers, Pinecone"
0.01185,"FAISS, LangChain, Pinecone, Prompt Engineering"
0.01185,"FAISS, LangChain, Prompt Engineering, Recommendation Systems"
0.01184,"Fine-tuning LLMs, LangChain, Pinecone, Prompt Engineering"
0.01184,"LangChain, Prompt Engineering, Recommendation Systems, Vector Search"
0.01184,"LLMs, Pinecone, Recommendation Systems, Sentence Transformers"
0.01184,"Embeddings, LLMs, Sentence Transformers, Vector Search"
0.01184,"Embeddings, Hugging Face Transformers, LLMs, Semantic Search"
0.01184,"FAISS, Pinecone, Prompt Engineering, Recommendation Systems"
0.01183,"Fine-tuning LLMs, Hugging Face Transformers, Pinecone, RAG"
0.01183,"Embeddings, Information Retrieval, LLMs, Sentence Transformers"
0.01183,"Embeddings, Information Retrieval, LLMs, Vector Search"
0.01183,"Embeddings, Hugging Face Transformers, LLMs, Recommendation Systems"
0.01183,"Embeddings, LangChain, Pinecone, Prompt Engineering"
0.01183,"LangChain, Semantic Search, Sentence Transformers, Vector Search"
0.01183,"Pinecone, Prompt Engineering, Recommendation Systems, Semantic Search"
0.01183,"Hugging Face Transformers, Information Retrieval, Sentence Transformers, Vector Search"
0.01183,"Embeddings, FAISS, LLMs, Vector Search"
0.01182,"Hugging Face Transformers, LangChain, Prompt Engineering, RAG"
0.01182,"Hugging Face Transformers, LangChain, Semantic Search, Sentence Transformers"
0.01182,"Hugging Face Transformers, LLMs, Recommendation Systems, Vector Search"
0.01182,"Hugging Face Transformers, LLMs, Pinecone, Prompt Engineering"
0.01181,"LangChain, Pinecone, Sentence Transformers, Vector Search"
0.01181,"Embeddings, Hugging Face Transformers, Pinecone, RAG"
0.01181,"Hugging Face Transformers, LangChain, Prompt Engineering, Vector Search"
0.01181,"Embeddings, Hugging Face Transformers, Pinecone, Vector Search"
0.0118,"LangChain, RAG, Recommendation Systems, Semantic Search"
0.0118,"Pinecone, Semantic Search, Sentence Transformers, Vector Search"
0.0118,"Embeddings, Pinecone, Recommendation Systems, Sentence Transformers"
0.0118,"Hugging Face Transformers, LangChain, Prompt Engineering, Semantic Search"
0.0118,"Hugging Face Transformers, LLMs, Pinecone, Recommendation Systems"
0.0118,"Hugging Face Transformers, LangChain, Pinecone, Semantic Search"
0.0118,"Hugging Face Transformers, Recommendation Systems, Semantic Search, Sentence Transformers"
0.0118,"LLMs, LangChain, Sentence Transformers, Vector Search"
0.0118,"Embeddings, Hugging Face Transformers, Sentence Transformers, Vector Search"
0.0118,"Embeddings, Hugging Face Transformers, Information Retrieval, Pinecone"
0.0118,"Embeddings, Fine-tuning LLMs, Hugging Face Transformers, LLMs"
0.01179,"LangChain, Pinecone, Recommendation Systems, Vector Search"
0.01179,"Information Retrieval, LangChain, Semantic Search, Vector Search"
0.01179,"LangChain, Pinecone, Prompt Engineering, Vector Search"
0.01179,"Hugging Face Transformers, LangChain, Pinecone, Recommendation Systems"
0.01179,"Hugging Face Transformers, Pinecone, Prompt Engineering, Vector Search"
0.01179,"FAISS, Information Retrieval, LLMs, Pinecone"
0.01179,"FAISS, Information Retrieval, LLMs, RAG"
0.01179,"LLMs, Recommendation Systems, Semantic Search, Sentence Transformers"
0.01178,"Information Retrieval, Pinecone, Recommendation Systems, Semantic Search"
0.01178,"Hugging Face Transformers, Pinecone, Prompt Engineering, Semantic Search"
0.01178,"Embeddings, FAISS, Hugging Face Transformers, Vector Search"
0.01178,"Hugging Face Transformers, LLMs, Prompt Engineering, RAG"
0.01178,"FAISS, Information Retrieval, LLMs, Vector Search"
0.01178,"Information Retrieval, LLMs, Recommendation Systems, Vector Search"
0.01177,"LLMs, Pinecone, Sentence Transformers, Vector Search"
0.01177,"Fine-tuning LLMs, Hugging Face Transformers, LLMs, Pinecone"
0.01177,"Fine-tuning LLMs, Hugging Face Transformers, LLMs, RAG"
0.01177,"Hugging Face Transformers, Prompt Engineering, RAG, Vector Search"
0.01177,"Hugging Face Transformers, Information Retrieval, Recommendation Systems, Sentence Transformers"
0.01177,"Embeddings, Hugging Face Transformers, Information Retrieval, Sentence Transformers"
0.01177,"Hugging Face Transformers, LangChain, Pinecone, Vector Search"
0.01177,"Embeddings, Hugging Face Transformers, Pinecone, Recommendation Systems"
0.01177,"FAISS, Hugging Face Transformers, Information Retrieval, LLMs"
0.01177,"FAISS, Information Retrieval, LLMs, LangChain"
0.01176,"LangChain, Pinecone, Semantic Search, Vector Search"
0.01176,"Information Retrieval, Recommendation Systems, Sentence Transformers, Vector Search"
0.01176,"Hugging Face Transformers, Recommendation Systems, Sentence Transformers, Vector Search"
0.01176,"Fine-tuning LLMs, Hugging Face Transformers, RAG, Vector Search"
0.01176,"Fine-tuning LLMs, Pinecone, Recommendation Systems, Sentence Transformers"
0.01176,"Hugging Face Transformers, LLMs, Pinecone, Semantic Search"
0.01176,"Information Retrieval, LLMs, RAG, Semantic Search"
0.01176,"FAISS, Hugging Face Transformers, LLMs, Sentence Transformers"
0.01176,"Fine-tuning LLMs, Hugging Face Transformers, Pinecone, Vector Search"
0.01176,"Fine-tuning LLMs, Hugging Face Transformers, Pinecone, Sentence Transformers"
0.01176,"Embeddings, Information Retrieval, Semantic Search, Sentence Transformers"
0.01175,"Hugging Face Transformers, LLMs, RAG, Semantic Search"
0.01175,"Information Retrieval, LLMs, Recommendation Systems, Semantic Search"
0.01175,"Information Retrieval, Pinecone, Prompt Engineering, Semantic Search"
0.01175,"Hugging Face Transformers, Pinecone, Recommendation Systems, Semantic Search"
0.01175,"Fine-tuning LLMs, Hugging Face Transformers, Pinecone, Semantic Search"
0.01175,"LangChain, Prompt Engineering, Sentence Transformers, Vector Search"
0.01175,"Embeddings, Hugging Face Transformers, Information Retrieval, Semantic Search"
0.01175,"Fine-tuning LLMs, Hugging Face Transformers, Pinecone, Prompt Engineering"
0.01175,"Hugging Face Transformers, LLMs, LangChain, Vector Search"
0.01175,"Hugging Face Transformers, LLMs, LangChain, Prompt Engineering"
0.01174,"Information Retrieval, Pinecone, Prompt Engineering, Sentence Transformers"
0.01174,"Embeddings, Recommendation Systems, Semantic Search, Sentence Transformers"
0.01174,"Embeddings, Fine-tuning LLMs, LangChain, Pinecone"
0.01174,"Embeddings, LLMs, LangChain, Sentence Transformers"
0.01174,"FAISS, LangChain, Recommendation Systems, Semantic Search"
0.01174,"FAISS, Information Retrieval, LLMs, Semantic Search"
0.01174,"Pinecone, Recommendation Systems, Sentence Transformers, Vector Search"
0.01174,"Prompt Engineering, Recommendation Systems, Sentence Transformers, Vector Search"
0.01174,"FAISS, LLMs, Pinecone, Prompt Engineering"
0.01173,"Information Retrieval, LLMs, Pinecone, Semantic Search"
0.01173,"Hugging Face Transformers, Information Retrieval, LangChain, Semantic Search"
0.01173,"FAISS, Hugging Face Transformers, Semantic Search, Vector Search"
0.01173,"Hugging Face Transformers, Prompt Engineering, Recommendation Systems, Sentence Transformers"
0.01173,"Hugging Face Transformers, LangChain, Pinecone, RAG"
0.01173,"Embeddings, FAISS, LangChain, Vector Search"
0.01173,"LLMs, LangChain, Pinecone, Sentence Transformers"
0.01172,"Hugging Face Transformers, Information Retrieval, LangChain, Sentence Transformers"
0.01172,"Embeddings, Hugging Face Transformers, Information Retrieval, Vector Search"
0.01172,"FAISS, Information Retrieval, LLMs, Sentence Transformers"
0.01172,"FAISS, LangChain, Prompt Engineering, RAG"
0.01172,"LangChain, RAG, Recommendation Systems, Sentence Transformers"
0.01172,"Fine-tuning LLMs, LangChain, Pinecone, Recommendation Systems"
0.01172,"Fine-tuning LLMs, Hugging Face Transformers, LLMs, Sentence Transformers"
0.01172,"Fine-tuning LLMs, LangChain, Recommendation Systems, Sentence Transformers"
0.01172,"FAISS, Fine-tuning LLMs, LLMs, Pinecone"
0.01172,"Embeddings, Information Retrieval, LangChain, Semantic Search"
0.01172,"Embeddings, Information Retrieval, Pinecone, Semantic Search"
0.01172,"Information Retrieval, LangChain, Sentence Transformers, Vector Search"
0.01172,"Hugging Face Transformers, Recommendation Systems, Semantic Search, Vector Search"
0.01172,"Embeddings, LangChain, Sentence Transformers, Vector Search"
0.01172,"Hugging Face Transformers, LangChain, Prompt Engineering, Sentence Transformers"
0.01172,"Information Retrieval, LangChain, Pinecone, Semantic Search"
0.01172,"Information Retrieval, LangChain, Prompt Engineering, Recommendation Systems"
0.01171,"Embeddings, LangChain, Pinecone, Vector Search"
0.01171,"Information Retrieval, LLMs, LangChain, Semantic Search"
0.01171,"Recommendation Systems, Semantic Search, Sentence Transformers, Vector Search"
0.01171,"Hugging Face Transformers, LLMs, Pinecone, RAG"
0.01171,"Hugging Face Transformers, LangChain, Sentence Transformers, Vector Search"
0.01171,"Hugging Face Transformers, Information Retrieval, Pinecone, Recommendation Systems"
0.01171,"Fine-tuning LLMs, Hugging Face Transformers, Prompt Engineering, RAG"
0.01171,"Hugging Face Transformers, Information Retrieval, Recommendation Systems, Semantic Search"
0.01171,"FAISS, LLMs, LangChain, Sentence Transformers"
0.0117,"FAISS, Hugging Face Transformers, LLMs, LangChain"
0.0117,"Hugging Face Transformers, LLMs, LangChain, Pinecone"
0.0117,"Fine-tuning LLMs, Pinecone, Prompt Engineering, RAG"
0.0117,"Hugging Face Transformers, LLMs, LangChain, RAG"
0.0117,"Embeddings, Fine-tuning LLMs, Hugging Face Transformers, RAG"
0.0117,"Embeddings, FAISS, Hugging Face Transformers, Recommendation Systems"
0.0117,"Embeddings, FAISS, Hugging Face Transformers, Pinecone"
0.0117,"Hugging Face Transformers, LLMs, Recommendation Systems, Semantic Search"
0.0117,"LangChain, RAG, Semantic Search, Vector Search"
0.0117,"FAISS, Hugging Face Transformers, LLMs, Prompt Engineering"
0.0117,"FAISS, LLMs, LangChain, Vector Search"
0.01169,"Information Retrieval, Pinecone, Sentence Transformers, Vector Search"
0.01169,"LLMs, LangChain, RAG, Sentence Transformers"
0.01169,"Hugging Face Transformers, LangChain, RAG, Vector Search"
0.01169,"Information Retrieval, LLMs, LangChain, Recommendation Systems"
0.01169,"Fine-tuning LLMs, Pinecone, Semantic Search, Vector Search"
0.01169,"Embeddings, FAISS, Hugging Face Transformers, LangChain"
0.01169,"FAISS, Hugging Face Transformers, LLMs, Recommendation Systems"
0.01169,"FAISS, LangChain, RAG, Recommendation Systems"
0.01169,"LLMs, LangChain, Pinecone, Prompt Engineering"
0.01169,"Embeddings, FAISS, Information Retrieval, LangChain"
0.01168,"Hugging Face Transformers, Prompt Engineering, Recommendation Systems, Vector Search"
0.01168,"Hugging Face Transformers, Pinecone, RAG, Vector Search"
0.01168,"Embeddings, Semantic Search, Sentence Transformers, Vector Search"
0.01168,"Hugging Face Transformers, Information Retrieval, LLMs, Pinecone"
0.01168,"Embeddings, Information Retrieval, LLMs, Semantic Search"
0.01168,"Fine-tuning LLMs, Hugging Face Transformers, Pinecone, Recommendation Systems"
0.01168,"Embeddings, FAISS, Hugging Face Transformers, Information Retrieval"
0.01168,"Embeddings, Hugging Face Transformers, LLMs, LangChain"
0.01168,"Fine-tuning LLMs, LLMs, Semantic Search, Vector Search"
0.01168,"LangChain, Prompt Engineering, RAG, Sentence Transformers"
0.01168,"LLMs, LangChain, Semantic Search, Sentence Transformers"
0.01168,"Embeddings, FAISS, Information Retrieval, Vector Search"
0.01168,"Information Retrieval, Pinecone, Semantic Search, Vector Search"
0.01168,"LLMs, LangChain, Prompt Engineering, RAG"
0.01168,"Information Retrieval, LLMs, Pinecone, Prompt Engineering"
0.01167,"Embeddings, LLMs, Recommendation Systems, Sentence Transformers"
0.01167,"Prompt Engineering, Recommendation Systems, Semantic Search, Sentence Transformers"
0.01167,"Hugging Face Transformers, Prompt Engineering, Sentence Transformers, Vector Search"
0.01167,"LLMs, Prompt Engineering, Recommendation Systems, Sentence Transformers"
0.01167,"Embeddings, Information Retrieval, LLMs, LangChain"
0.01167,"Information Retrieval, LLMs, LangChain, Vector Search"
0.01167,"Embeddings, LangChain, Pinecone, Recommendation Systems"
0.01167,"Hugging Face Transformers, LangChain, Prompt Engineering, Recommendation Systems"
0.01167,"Fine-tuning LLMs, Information Retrieval, Pinecone, Semantic Search"
0.01167,"FAISS, Fine-tuning LLMs, Hugging Face Transformers, LLMs"
0.01167,"Fine-tuning LLMs, LangChain, Prompt Engineering, Sentence Transformers"
0.01167,"Fine-tuning LLMs, LangChain, Prompt Engineering, RAG"
0.01167,"Fine-tuning LLMs, Information Retrieval, Pinecone, Prompt Engineering"
0.01167,"Hugging Face Transformers, Prompt Engineering, RAG, Semantic Search"
0.01167,"Embeddings, Information Retrieval, LangChain, Pinecone"
0.01167,"Hugging Face Transformers, Prompt Engineering, RAG, Recommendation Systems"
0.01166,"LLMs, LangChain, Prompt Engineering, Sentence Transformers"
0.01166,"Information Retrieval, LangChain, RAG, Recommendation Systems"
0.01166,"Information Retrieval, LangChain, RAG, Semantic Search"
0.01166,"LLMs, Prompt Engineering, Sentence Transformers, Vector Search"
0.01166,"LLMs, Pinecone, Semantic Search, Vector Search"
0.01166,"LLMs, Pinecone, Semantic Search, Sentence Transformers"
0.01166,"Embeddings, Information Retrieval, LLMs, RAG"
0.01166,"Embeddings, Information Retrieval, Semantic Search, Vector Search"
0.01166,"LLMs, Pinecone, Prompt Engineering, Sentence Transformers"
0.01166,"Hugging Face Transformers, LLMs, RAG, Recommendation Systems"
0.01166,"Embeddings, Information Retrieval, Recommendation Systems, Sentence Transformers"
0.01166,"Hugging Face Transformers, Information Retrieval, LLMs, Recommendation Systems"
0.01166,"Embeddings, Fine-tuning LLMs, LangChain, Sentence Transformers"
0.01166,"FAISS, LangChain, RAG, Vector Search"
0.01166,"LangChain, Prompt Engineering, RAG, Vector Search"
0.01166,"FAISS, Hugging Face Transformers, Pinecone, RAG"
0.01166,"FAISS, LLMs, LangChain, RAG"
0.01166,"FAISS, LLMs, Sentence Transformers, Vector Search"
0.01166,"Prompt Engineering, RAG, Recommendation Systems, Semantic Search"
0.01165,"Pinecone, Prompt Engineering, Semantic Search, Sentence Transformers"
0.01165,"FAISS, Information Retrieval, LLMs, Prompt Engineering"
0.01165,"FAISS, Hugging Face Transformers, LangChain, Pinecone"
0.01165,"Information Retrieval, LangChain, Prompt Engineering, Semantic Search"
0.01165,"Information Retrieval, Prompt Engineering, Recommendation Systems, Sentence Transformers"
0.01165,"Embeddings, LangChain, Pinecone, Semantic Search"
0.01165,"LLMs, Recommendation Systems, Semantic Search, Vector Search"
0.01165,"Pinecone, Prompt Engineering, RAG, Semantic Search"
0.01165,"Embeddings, Hugging Face Transformers, Pinecone, Prompt Engineering"
0.01165,"Information Retrieval, LLMs, LangChain, RAG"
0.01165,"Hugging Face Transformers, LangChain, Recommendation Systems, Semantic Search"
0.01165,"FAISS, Hugging Face Transformers, Pinecone, Vector Search"
0.01165,"FAISS, Hugging Face Transformers, LangChain, Recommendation Systems"
0.01165,"FAISS, LLMs, Pinecone, Vector Search"
0.01165,"Hugging Face Transformers, Information Retrieval, Pinecone, Prompt Engineering"
0.01165,"Hugging Face Transformers, Information Retrieval, Pinecone, Vector Search"
0.01165,"FAISS, LLMs, Semantic Search, Vector Search"
0.01165,"FAISS, Hugging Face Transformers, LangChain, Vector Search"
0.01164,"Information Retrieval, LLMs, Pinecone, Recommendation Systems"
0.01164,"Embeddings, Hugging Face Transformers, RAG, Vector Search"
0.01164,"Hugging Face Transformers, Information Retrieval, LLMs, LangChain"
0.01164,"LangChain, RAG, Recommendation Systems, Vector Search"
0.01164,"LangChain, RAG, Semantic Search, Sentence Transformers"
0.01164,"Fine-tuning LLMs, Hugging Face Transformers, LangChain, Pinecone"
0.01164,"Embeddings, LangChain, Pinecone, RAG"
0.01164,"Hugging Face Transformers, Pinecone, RAG, Semantic Search"
0.01164,"Hugging Face Transformers, Pinecone, RAG, Recommendation Systems"
0.01163,"Information Retrieval, LLMs, RAG, Vector Search"
0.01163,"LLMs, Prompt Engineering, Semantic Search, Vector Search"
0.01163,"Pinecone, Prompt Engineering, Sentence Transformers, Vector Search"
0.01163,"Embeddings, LLMs, Semantic Search, Sentence Transformers"
0.01163,"Hugging Face Transformers, LLMs, Prompt Engineering, Semantic Search"
0.01163,"Fine-tuning LLMs, Information Retrieval, LLMs, Sentence Transformers"
0.01163,"Pinecone, Prompt Engineering, Recommendation Systems, Vector Search"
0.01163,"FAISS, Hugging Face Transformers, Pinecone, Recommendation Systems"
0.01163,"Fine-tuning LLMs, Prompt Engineering, Recommendation Systems, Sentence Transformers"
0.01163,"Hugging Face Transformers, Information Retrieval, LangChain, Pinecone"
0.01163,"Fine-tuning LLMs, Hugging Face Transformers, RAG, Semantic Search"
0.01163,"FAISS, LLMs, LangChain, Recommendation Systems"
0.01163,"FAISS, Hugging Face Transformers, Prompt Engineering, Vector Search"
0.01162,"Information Retrieval, Recommendation Systems, Semantic Search, Vector Search"
0.01162,"Fine-tuning LLMs, LangChain, Pinecone, Sentence Transformers"
0.01162,"Fine-tuning LLMs, Hugging Face Transformers, Sentence Transformers, Vector Search"
0.01162,"FAISS, LLMs, LangChain, Prompt Engineering"
0.01162,"FAISS, Information Retrieval, LLMs, Recommendation Systems"
0.01162,"Fine-tuning LLMs, Information Retrieval, LangChain, Sentence Transformers"
0.01162,"Embeddings, Fine-tuning LLMs, Information Retrieval, LLMs"
0.01162,"Embeddings, FAISS, Information Retrieval, Pinecone"
0.01162,"Information Retrieval, LangChain, Prompt Engineering, RAG"
0.01162,"Embeddings, FAISS, LLMs, Sentence Transformers"
0.01162,"Embeddings, FAISS, LangChain, Pinecone"
0.01162,"LLMs, LangChain, Semantic Search, Vector Search"
0.01162,"Embeddings, Hugging Face Transformers, Recommendation Systems, Vector Search"
0.01162,"Hugging Face Transformers, LLMs, Prompt Engineering, Sentence Transformers"
0.01162,"Information Retrieval, LLMs, Pinecone, Vector Search"
0.01161,"Embeddings, Hugging Face Transformers, Recommendation Systems, Semantic Search"
0.01161,"Embeddings, Pinecone, Prompt Engineering, Recommendation Systems"
0.01161,"Embeddings, Fine-tuning LLMs, Hugging Face Transformers, Vector Search"
0.01161,"Embeddings, Pinecone, Sentence Transformers, Vector Search"
0.01161,"Embeddings, Hugging Face Transformers, LangChain, Vector Search"
0.01161,"Information Retrieval, LLMs, Prompt Engineering, Semantic Search"
0.01161,"Embeddings, Information Retrieval, LLMs, Pinecone"
0.01161,"FAISS, Fine-tuning LLMs, Hugging Face Transformers, Pinecone"
0.01161,"Fine-tuning LLMs, Pinecone, Recommendation Systems, Semantic Search"
0.01161,"FAISS, LLMs, Recommendation Systems, Sentence Transformers"
0.01161,"FAISS, LangChain, Pinecone, RAG"
0.01161,"FAISS, LLMs, Recommendation Systems, Vector Search"
0.01161,"Fine-tuning LLMs, LLMs, Pinecone, Recommendation Systems"
0.01161,"Hugging Face Transformers, Information Retrieval, LLMs, RAG"
0.01161,"FAISS, LangChain, Pinecone, Vector Search"
0.0116,"Hugging Face Transformers, Pinecone, Recommendation Systems, Vector Search"
0.0116,"Information Retrieval, LangChain, Recommendation Systems, Vector Search"
0.0116,"FAISS, LangChain, Sentence Transformers, Vector Search"
0.0116,"FAISS, LLMs, LangChain, Pinecone"
0.0116,"FAISS, Hugging Face Transformers, Information Retrieval, Vector Search"
0.0116,"LLMs, RAG, Semantic Search, Vector Search"
0.0116,"Embeddings, FAISS, LLMs, Pinecone"
0.0116,"Embeddings, FAISS, Hugging Face Transformers, Sentence Transformers"
0.0116,"FAISS, Fine-tuning LLMs, LangChain, Pinecone"
0.0116,"Embeddings, Hugging Face Transformers, Information Retrieval, LangChain"
0.0116,"Pinecone, Prompt Engineering, Semantic Search, Vector Search"
0.01159,"Embeddings, Hugging Face Transformers, LangChain, Semantic Search"
0.01159,"Embeddings, Information Retrieval, Sentence Transformers, Vector Search"
0.01159,"Fine-tuning LLMs, Pinecone, Prompt Engineering, Semantic Search"
0.01159,"FAISS, LangChain, Semantic Search, Sentence Transformers"
0.01159,"FAISS, Hugging Face Transformers, Recommendation Systems, Vector Search"
0.01159,"Fine-tuning LLMs, Information Retrieval, LLMs, Pinecone"
0.01159,"Fine-tuning LLMs, Hugging Face Transformers, Information Retrieval, Pinecone"
0.01159,"Fine-tuning LLMs, LLMs, Pinecone, Vector Search"
0.01159,"Fine-tuning LLMs, Information Retrieval, Pinecone, Recommendation Systems"
0.01159,"Fine-tuning LLMs, Pinecone, RAG, Recommendation Systems"
0.01159,"FAISS, Fine-tuning LLMs, Information Retrieval, LLMs"
0.01158,"Embeddings, LangChain, Prompt Engineering, Recommendation Systems"
0.01158,"Embeddings, FAISS, LLMs, LangChain"
0.01158,"Embeddings, FAISS, Recommendation Systems, Vector Search"
0.01158,"Hugging Face Transformers, LangChain, RAG, Semantic Search"
0.01158,"FAISS, Information Retrieval, LangChain, Semantic Search"
0.01158,"FAISS, Hugging Face Transformers, Pinecone, Prompt Engineering"
0.01158,"FAISS, LLMs, Prompt Engineering, Recommendation Systems"
0.01158,"FAISS, LangChain, RAG, Semantic Search"
0.01158,"Embeddings, Hugging Face Transformers, Information Retrieval, Recommendation Systems"
0.01158,"Hugging Face Transformers, LLMs, LangChain, Recommendation Systems"
0.01157,"LangChain, Pinecone, RAG, Semantic Search"
0.01157,"Embeddings, Information Retrieval, LangChain, Vector Search"
0.01157,"Hugging Face Transformers, LLMs, Prompt Engineering, Recommendation Systems"
0.01157,"Information Retrieval, LLMs, Prompt Engineering, Vector Search"
0.01157,"Fine-tuning LLMs, Hugging Face Transformers, LLMs, Semantic Search"
0.01157,"Fine-tuning LLMs, LangChain, Semantic Search, Vector Search"
0.01157,"FAISS, Fine-tuning LLMs, LLMs, Vector Search"
0.01157,"FAISS, Fine-tuning LLMs, Hugging Face Transformers, Vector Search"
0.01157,"Fine-tuning LLMs, RAG, Semantic Search, Vector Search"
0.01157,"Fine-tuning LLMs, Semantic Search, Sentence Transformers, Vector Search"
0.01157,"Hugging Face Transformers, LLMs, LangChain, Semantic Search"
0.01157,"Fine-tuning LLMs, Hugging Face Transformers, LangChain, RAG"
0.01157,"Fine-tuning LLMs, Information Retrieval, LLMs, Semantic Search"
0.01157,"FAISS, Hugging Face Transformers, LLMs, Semantic Search"
0.01157,"FAISS, Hugging Face Transformers, Sentence Transformers, Vector Search"
0.01157,"Embeddings, Hugging Face Transformers, LangChain, Prompt Engineering"
0.01157,"FAISS, Hugging Face Transformers, Recommendation Systems, Sentence Transformers"
0.01157,"Prompt Engineering, Semantic Search, Sentence Transformers, Vector Search"
0.01156,"LLMs, LangChain, Prompt Engineering, Recommendation Systems"
0.01156,"FAISS, LangChain, Prompt Engineering, Semantic Search"
0.01156,"LLMs, Pinecone, Prompt Engineering, Recommendation Systems"
0.01156,"Embeddings, LangChain, Prompt Engineering, RAG"
0.01156,"Fine-tuning LLMs, Hugging Face Transformers, LangChain, Sentence Transformers"
0.01156,"Fine-tuning LLMs, Information Retrieval, LLMs, Vector Search"
0.01156,"Embeddings, Fine-tuning LLMs, Pinecone, Semantic Search"
0.01156,"Embeddings, Fine-tuning LLMs, Pinecone, Recommendation Systems"
0.01156,"Hugging Face Transformers, LangChain, RAG, Recommendation Systems"
0.01156,"LangChain, Pinecone, RAG, Vector Search"
0.01156,"Fine-tuning LLMs, Hugging Face Transformers, Prompt Engineering, Vector Search"
0.01156,"Fine-tuning LLMs, Information Retrieval, Semantic Search, Vector Search"
0.01156,"Embeddings, LLMs, Semantic Search, Vector Search"
0.01156,"Embeddings, Fine-tuning LLMs, Hugging Face Transformers, Sentence Transformers"
0.01155,"Embeddings, LLMs, Pinecone, Sentence Transformers"
0.01155,"LLMs, LangChain, Recommendation Systems, Vector Search"
0.01155,"Embeddings, FAISS, LangChain, Recommendation Systems"
0.01155,"Information Retrieval, LLMs, RAG, Sentence Transformers"
0.01155,"Information Retrieval, Pinecone, RAG, Semantic Search"
0.01155,"Fine-tuning LLMs, Pinecone, Semantic Search, Sentence Transformers"
0.01155,"FAISS, LangChain, Prompt Engineering, Vector Search"
0.01155,"Hugging Face Transformers, Prompt Engineering, Recommendation Systems, Semantic Search"
0.01155,"Embeddings, Recommendation Systems, Sentence Transformers, Vector Search"
0.01155,"Embeddings, Fine-tuning LLMs, Information Retrieval, Pinecone"
0.01155,"Hugging Face Transformers, Information Retrieval, LLMs, Prompt Engineering"
0.01155,"Information Retrieval, LangChain, Prompt Engineering, Sentence Transformers"
0.01155,"Fine-tuning LLMs, LangChain, Pinecone, RAG"
0.01155,"Embeddings, FAISS, LangChain, Sentence Transformers"
0.01155,"Embeddings, FAISS, Fine-tuning LLMs, Pinecone"
0.01155,"Pinecone, Recommendation Systems, Semantic Search, Vector Search"
0.01155,"Embeddings, LangChain, Semantic Search, Vector Search"
0.01155,"Hugging Face Transformers, LangChain, RAG, Sentence Transformers"
0.01155,"Hugging Face Transformers, Information Retrieval, Pinecone, RAG"
0.01155,"Prompt Engineering, Recommendation Systems, Semantic Search, Vector Search"
0.01154,"Information Retrieval, LLMs, Prompt Engineering, Recommendation Systems"
0.01154,"LangChain, Pinecone, RAG, Sentence Transformers"
0.01154,"Information Retrieval, LLMs, LangChain, Prompt Engineering"
0.01154,"Hugging Face Transformers, Prompt Engineering, Semantic Search, Sentence Transformers"
0.01154,"FAISS, Fine-tuning LLMs, Hugging Face Transformers, RAG"
0.01154,"Fine-tuning LLMs, Hugging Face Transformers, Information Retrieval, Sentence Transformers"
0.01154,"Hugging Face Transformers, LLMs, RAG, Sentence Transformers"
0.01154,"Embeddings, Fine-tuning LLMs, Hugging Face Transformers, Semantic Search"
0.01154,"FAISS, Pinecone, Prompt Engineering, RAG"
0.01154,"Embeddings, FAISS, Semantic Search, Vector Search"
0.01154,"Embeddings, FAISS, LLMs, RAG"
0.01154,"LLMs, LangChain, Pinecone, Recommendation Systems"
0.01154,"FAISS, Hugging Face Transformers, RAG, Vector Search"
0.01154,"Embeddings, FAISS, Fine-tuning LLMs, Hugging Face Transformers"
0.01154,"Fine-tuning LLMs, LangChain, Semantic Search, Sentence Transformers"
0.01154,"Fine-tuning LLMs, LLMs, Sentence Transformers, Vector Search"
0.01154,"Embeddings, FAISS, Fine-tuning LLMs, LangChain"
0.01154,"Embeddings, Fine-tuning LLMs, Hugging Face Transformers, LangChain"
0.01154,"Hugging Face Transformers, LangChain, Recommendation Systems, Vector Search"
0.01154,"Embeddings, Fine-tuning LLMs, Pinecone, Sentence Transformers"
0.01153,"Embeddings, Information Retrieval, Pinecone, Prompt Engineering"
0.01153,"FAISS, Information Retrieval, Pinecone, Prompt Engineering"
0.01153,"FAISS, Fine-tuning LLMs, Pinecone, Recommendation Systems"
0.01153,"Hugging Face Transformers, Information Retrieval, LangChain, Recommendation Systems"
0.01153,"FAISS, Fine-tuning LLMs, Semantic Search, Vector Search"
0.01153,"Fine-tuning LLMs, Hugging Face Transformers, Recommendation Systems, Sentence Transformers"
0.01153,"FAISS, Fine-tuning LLMs, LangChain, Recommendation Systems"
0.01153,"Embeddings, Information Retrieval, LangChain, Prompt Engineering"
0.01153,"FAISS, Information Retrieval, LangChain, RAG"
0.01153,"FAISS, Information Retrieval, LangChain, Recommendation Systems"
0.01153,"FAISS, LLMs, Pinecone, Recommendation Systems"
0.01153,"FAISS, Hugging Face Transformers, LangChain, Semantic Search"
0.01153,"LLMs, LangChain, RAG, Vector Search"
0.01153,"Embeddings, FAISS, LLMs, Recommendation Systems"
0.01153,"Fine-tuning LLMs, LLMs, LangChain, Sentence Transformers"
0.01153,"Prompt Engineering, RAG, Semantic Search, Vector Search"
0.01153,"Fine-tuning LLMs, Information Retrieval, Pinecone, Sentence Transformers"
0.01152,"Fine-tuning LLMs, Prompt Engineering, Semantic Search, Vector Search"
0.01152,"FAISS, Fine-tuning LLMs, Pinecone, Prompt Engineering"
0.01152,"Fine-tuning LLMs, LangChain, Prompt Engineering, Recommendation Systems"
0.01152,"FAISS, Fine-tuning LLMs, LLMs, LangChain"
0.01152,"Embeddings, FAISS, Fine-tuning LLMs, LLMs"
0.01152,"Hugging Face Transformers, Pinecone, RAG, Sentence Transformers"
0.01152,"FAISS, Hugging Face Transformers, LangChain, RAG"
0.01152,"Embeddings, Information Retrieval, LangChain, RAG"
0.01152,"Embeddings, Hugging Face Transformers, LLMs, Prompt Engineering"
0.01152,"Fine-tuning LLMs, Hugging Face Transformers, LangChain, Prompt Engineering"
0.01152,"Fine-tuning LLMs, Hugging Face Transformers, RAG, Sentence Transformers"
0.01152,"Fine-tuning LLMs, Hugging Face Transformers, Semantic Search, Sentence Transformers"
0.01152,"Embeddings, FAISS, Hugging Face Transformers, RAG"
0.01152,"Embeddings, LangChain, Recommendation Systems, Semantic Search"
0.01152,"Fine-tuning LLMs, LLMs, Recommendation Systems, Sentence Transformers"
0.01152,"Fine-tuning LLMs, LLMs, Pinecone, Prompt Engineering"
0.01152,"Embeddings, Fine-tuning LLMs, LLMs, Sentence Transformers"
0.01152,"Embeddings, LLMs, Recommendation Systems, Vector Search"
0.01151,"FAISS, Fine-tuning LLMs, LangChain, Vector Search"
0.01151,"Embeddings, Fine-tuning LLMs, Pinecone, RAG"
0.01151,"FAISS, Fine-tuning LLMs, LLMs, Sentence Transformers"
0.01151,"Embeddings, Fine-tuning LLMs, Information Retrieval, LangChain"
0.01151,"Embeddings, Hugging Face Transformers, RAG, Semantic Search"
0.01151,"Fine-tuning LLMs, Information Retrieval, Recommendation Systems, Sentence Transformers"
0.01151,"Embeddings, Fine-tuning LLMs, Pinecone, Prompt Engineering"
0.01151,"Fine-tuning LLMs, Hugging Face Transformers, LLMs, Prompt Engineering"
0.01151,"Fine-tuning LLMs, Hugging Face Transformers, Information Retrieval, LLMs"
0.01151,"FAISS, Fine-tuning LLMs, Hugging Face Transformers, LangChain"
0.01151,"Information Retrieval, LLMs, Prompt Engineering, Sentence Transformers"
0.01151,"LLMs, LangChain, RAG, Recommendation Systems"
0.01151,"LLMs, Prompt Engineering, RAG, Semantic Search"
0.01151,"LLMs, Prompt Engineering, Semantic Search, Sentence Transformers"
0.01151,"LLMs, Pinecone, Recommendation Systems, Vector Search"
0.01151,"Embeddings, Hugging Face Transformers, Information Retrieval, RAG"
0.01151,"FAISS, Hugging Face Transformers, Prompt Engineering, Recommendation Systems"
0.01151,"LLMs, LangChain, Prompt Engineering, Vector Search"
0.01151,"FAISS, Information Retrieval, Semantic Search, Vector Search"
0.01151,"FAISS, LLMs, Prompt Engineering, RAG"
0.01151,"Hugging Face Transformers, Information Retrieval, Recommendation Systems, Vector Search"
0.01151,"Embeddings, Pinecone, Semantic Search, Vector Search"
0.01151,"Embeddings, Hugging Face Transformers, LangChain, RAG"
0.0115,"Fine-tuning LLMs, Information Retrieval, Recommendation Systems, Semantic Search"
0.0115,"Fine-tuning LLMs, Information Retrieval, Semantic Search, Sentence Transformers"
0.0115,"Embeddings, Fine-tuning LLMs, Semantic Search, Vector Search"
0.0115,"Embeddings, FAISS, Information Retrieval, RAG"
0.0115,"Fine-tuning LLMs, LangChain, Pinecone, Vector Search"
0.0115,"Fine-tuning LLMs, Pinecone, RAG, Semantic Search"
0.0115,"Embeddings, Hugging Face Transformers, Prompt Engineering, Vector Search"
0.0115,"Embeddings, Fine-tuning LLMs, Information Retrieval, Semantic Search"
0.0115,"FAISS, Pinecone, Recommendation Systems, Sentence Transformers"
0.0115,"Pinecone, RAG, Semantic Search, Vector Search"
0.0115,"FAISS, Hugging Face Transformers, Prompt Engineering, RAG"
0.0115,"Fine-tuning LLMs, LLMs, Recommendation Systems, Vector Search"
0.0115,"FAISS, LLMs, Pinecone, Sentence Transformers"
0.0115,"Information Retrieval, Pinecone, Prompt Engineering, RAG"
0.0115,"FAISS, LLMs, LangChain, Semantic Search"
0.0115,"Information Retrieval, LLMs, RAG, Recommendation Systems"
0.01149,"FAISS, Information Retrieval, LangChain, Pinecone"
0.01149,"Information Retrieval, Prompt Engineering, Recommendation Systems, Semantic Search"
0.01149,"FAISS, Hugging Face Transformers, LangChain, Prompt Engineering"
0.01149,"Embeddings, FAISS, Information Retrieval, Sentence Transformers"
0.01149,"Embeddings, Information Retrieval, LLMs, Recommendation Systems"
0.01149,"FAISS, Hugging Face Transformers, Information Retrieval, Pinecone"
0.01149,"FAISS, Fine-tuning LLMs, LangChain, Sentence Transformers"
0.01149,"Embeddings, FAISS, LLMs, Prompt Engineering"
0.01149,"FAISS, LLMs, RAG, Semantic Search"
0.01149,"Fine-tuning LLMs, Hugging Face Transformers, Information Retrieval, Semantic Search"
0.01149,"Information Retrieval, LLMs, Prompt Engineering, RAG"
0.01149,"Embeddings, LangChain, RAG, Vector Search"
0.01149,"Embeddings, FAISS, Sentence Transformers, Vector Search"
0.01149,"Fine-tuning LLMs, Recommendation Systems, Semantic Search, Sentence Transformers"
0.01149,"Fine-tuning LLMs, LLMs, LangChain, Vector Search"
0.01149,"Fine-tuning LLMs, Recommendation Systems, Sentence Transformers, Vector Search"
0.01149,"Fine-tuning LLMs, Recommendation Systems, Semantic Search, Vector Search"
0.01149,"FAISS, Fine-tuning LLMs, Information Retrieval, Pinecone"
0.01148,"Fine-tuning LLMs, LLMs, Prompt Engineering, RAG"
0.01148,"Embeddings, FAISS, Hugging Face Transformers, Semantic Search"
0.01148,"LLMs, Prompt Engineering, Recommendation Systems, Vector Search"
0.01148,"Information Retrieval, LangChain, Pinecone, Vector Search"
0.01148,"Embeddings, LLMs, RAG, Vector Search"
0.01148,"Fine-tuning LLMs, Information Retrieval, LangChain, Semantic Search"
0.01148,"Embeddings, Fine-tuning LLMs, Recommendation Systems, Sentence Transformers"
0.01148,"Fine-tuning LLMs, Information Retrieval, LLMs, LangChain"
0.01148,"FAISS, Prompt Engineering, Recommendation Systems, Vector Search"
0.01148,"Fine-tuning LLMs, LLMs, RAG, Semantic Search"
0.01148,"Information Retrieval, Prompt Engineering, RAG, Recommendation Systems"
0.01148,"FAISS, Hugging Face Transformers, LangChain, Sentence Transformers"
0.01148,"Embeddings, FAISS, LangChain, RAG"
0.01148,"LLMs, LangChain, Prompt Engineering, Semantic Search"
0.01148,"Embeddings, FAISS, LangChain, Prompt Engineering"
0.01148,"Embeddings, FAISS, LangChain, Semantic Search"
0.01148,"Information Retrieval, LangChain, RAG, Sentence Transformers"
0.01148,"FAISS, LLMs, Prompt Engineering, Vector Search"
0.01147,"Fine-tuning LLMs, LLMs, Pinecone, Sentence Transformers"
0.01147,"Fine-tuning LLMs, LangChain, Prompt Engineering, Semantic Search"
0.01147,"Fine-tuning LLMs, LangChain, Sentence Transformers, Vector Search"
0.01147,"Fine-tuning LLMs, Prompt Engineering, RAG, Semantic Search"
0.01147,"Embeddings, Fine-tuning LLMs, Hugging Face Transformers, Recommendation Systems"
0.01147,"LLMs, LangChain, Pinecone, Vector Search"
0.01147,"Pinecone, Prompt Engineering, RAG, Sentence Transformers"
0.01147,"Information Retrieval, LangChain, Pinecone, RAG"
0.01147,"Embeddings, LangChain, Prompt Engineering, Vector Search"
0.01147,"Embeddings, LangChain, Prompt Engineering, Semantic Search"
0.01147,"FAISS, Hugging Face Transformers, Information Retrieval, Semantic Search"
0.01147,"Information Retrieval, LLMs, LangChain, Pinecone"
0.01147,"FAISS, Hugging Face Transformers, Information Retrieval, RAG"
0.01147,"Embeddings, LangChain, Prompt Engineering, Sentence Transformers"
0.01147,"Hugging Face Transformers, Information Retrieval, RAG, Semantic Search"
0.01147,"Embeddings, Fine-tuning LLMs, LLMs, RAG"
0.01147,"Fine-tuning LLMs, Pinecone, Prompt Engineering, Sentence Transformers"
0.01147,"Embeddings, Hugging Face Transformers, LangChain, Recommendation Systems"
0.01147,"Fine-tuning LLMs, Prompt Engineering, RAG, Recommendation Systems"
0.01146,"FAISS, LLMs, RAG, Vector Search"
0.01146,"LLMs, RAG, Recommendation Systems, Vector Search"
0.01146,"Embeddings, LLMs, Pinecone, Vector Search"
0.01146,"Information Retrieval, Prompt Engineering, Semantic Search, Vector Search"
0.01146,"LLMs, Pinecone, Prompt Engineering, Vector Search"
0.01146,"Embeddings, FAISS, Recommendation Systems, Sentence Transformers"
0.01146,"Embeddings, Fine-tuning LLMs, LLMs, Pinecone"
0.01146,"Hugging Face Transformers, RAG, Recommendation Systems, Vector Search"
0.01146,"Embeddings, Hugging Face Transformers, Prompt Engineering, Recommendation Systems"
0.01146,"Embeddings, Fine-tuning LLMs, Semantic Search, Sentence Transformers"
0.01146,"Embeddings, FAISS, Information Retrieval, Prompt Engineering"
0.01146,"Embeddings, FAISS, Information Retrieval, Semantic Search"
0.01146,"Prompt Engineering, RAG, Recommendation Systems, Vector Search"
0.01145,"Prompt Engineering, RAG, Recommendation Systems, Sentence Transformers"
0.01145,"LLMs, Prompt Engineering, RAG, Recommendation Systems"
0.01145,"FAISS, Information Retrieval, LangChain, Vector Search"
0.01145,"Information Retrieval, RAG, Semantic Search, Vector Search"
0.01145,"Fine-tuning LLMs, Information Retrieval, LangChain, Pinecone"
0.01145,"Fine-tuning LLMs, Information Retrieval, LangChain, Prompt Engineering"
0.01145,"FAISS, Fine-tuning LLMs, LangChain, Semantic Search"
0.01145,"Fine-tuning LLMs, Hugging Face Transformers, RAG, Recommendation Systems"
0.01145,"FAISS, Fine-tuning LLMs, LLMs, Prompt Engineering"
0.01145,"Fine-tuning LLMs, LLMs, RAG, Vector Search"
0.01145,"Fine-tuning LLMs, Prompt Engineering, Recommendation Systems, Semantic Search"
0.01145,"Fine-tuning LLMs, Hugging Face Transformers, LLMs, Recommendation Systems"
0.01145,"Fine-tuning LLMs, Hugging Face Transformers, LLMs, LangChain"
0.01145,"Embeddings, Fine-tuning LLMs, Pinecone, Vector Search"
0.01145,"Embeddings, FAISS, Prompt Engineering, Recommendation Systems"
0.01145,"Hugging Face Transformers, Information Retrieval, Prompt Engineering, Semantic Search"
0.01145,"Fine-tuning LLMs, LangChain, RAG, Semantic Search"
0.01145,"Fine-tuning LLMs, Pinecone, Recommendation Systems, Vector Search"
0.01144,"Fine-tuning LLMs, LangChain, Pinecone, Semantic Search"
0.01144,"Fine-tuning LLMs, Pinecone, Sentence Transformers, Vector Search"
0.01144,"FAISS, LangChain, Pinecone, Sentence Transformers"
0.01144,"Information Retrieval, Prompt Engineering, Semantic Search, Sentence Transformers"
0.01144,"Hugging Face Transformers, RAG, Recommendation Systems, Semantic Search"
0.01144,"FAISS, Prompt Engineering, RAG, Recommendation Systems"
0.01144,"Embeddings, FAISS, Pinecone, Prompt Engineering"
0.01144,"Embeddings, FAISS, Pinecone, Recommendation Systems"
0.01144,"Embeddings, FAISS, Pinecone, Vector Search"
0.01144,"LLMs, Pinecone, Prompt Engineering, Semantic Search"
0.01144,"Embeddings, FAISS, LLMs, Semantic Search"
0.01144,"FAISS, Prompt Engineering, Recommendation Systems, Sentence Transformers"
0.01144,"Embeddings, Fine-tuning LLMs, Hugging Face Transformers, Information Retrieval"
0.01144,"Embeddings, Hugging Face Transformers, Prompt Engineering, RAG"
0.01144,"Embeddings, Pinecone, Prompt Engineering, Semantic Search"
0.01144,"Embeddings, Pinecone, Prompt Engineering, Sentence Transformers"
0.01144,"FAISS, Semantic Search, Sentence Transformers, Vector Search"
0.01144,"Pinecone, RAG, Recommendation Systems, Semantic Search"
0.01143,"FAISS, LLMs, Pinecone, RAG"
0.01143,"Fine-tuning LLMs, Hugging Face Transformers, LangChain, Vector Search"
0.01143,"FAISS, Information Retrieval, Sentence Transformers, Vector Search"
0.01143,"Information Retrieval, Prompt Engineering, RAG, Semantic Search"
0.01143,"Fine-tuning LLMs, Hugging Face Transformers, Information Retrieval, Vector Search"
0.01143,"FAISS, LangChain, Pinecone, Semantic Search"
0.01143,"Hugging Face Transformers, Information Retrieval, LangChain, Vector Search"
0.01143,"LangChain, RAG, Sentence Transformers, Vector Search"
0.01143,"Information Retrieval, Prompt Engineering, Sentence Transformers, Vector Search"
0.01143,"Embeddings, LLMs, LangChain, Vector Search"
0.01143,"Embeddings, Information Retrieval, Recommendation Systems, Semantic Search"
0.01143,"LLMs, LangChain, RAG, Semantic Search"
0.01143,"LLMs, LangChain, Recommendation Systems, Semantic Search"
0.01143,"Fine-tuning LLMs, LLMs, Pinecone, Semantic Search"
0.01143,"Embeddings, Information Retrieval, Pinecone, Recommendation Systems"
0.01143,"Fine-tuning LLMs, Hugging Face Transformers, Information Retrieval, RAG"
0.01143,"LLMs, RAG, Semantic Search, Sentence Transformers"
0.01143,"Embeddings, FAISS, Fine-tuning LLMs, Information Retrieval"
0.01142,"RAG, Recommendation Systems, Semantic Search, Vector Search"
0.01142,"Embeddings, Information Retrieval, LLMs, Prompt Engineering"
0.01142,"Prompt Engineering, RAG, Semantic Search, Sentence Transformers"
0.01142,"Fine-tuning LLMs, Information Retrieval, LLMs, Recommendation Systems"
0.01142,"FAISS, Hugging Face Transformers, RAG, Recommendation Systems"
0.01142,"Hugging Face Transformers, Information Retrieval, LangChain, Prompt Engineering"
0.01142,"Fine-tuning LLMs, LangChain, Recommendation Systems, Semantic Search"
0.01142,"FAISS, Fine-tuning LLMs, LLMs, Recommendation Systems"
0.01142,"FAISS, Hugging Face Transformers, Pinecone, Sentence Transformers"
0.01142,"Hugging Face Transformers, Information Retrieval, Prompt Engineering, Recommendation Systems"
0.01142,"Pinecone, RAG, Recommendation Systems, Sentence Transformers"
0.01142,"Embeddings, Hugging Face Transformers, RAG, Recommendation Systems"
0.01142,"Embeddings, Hugging Face Transformers, RAG, Sentence Transformers"
0.01141,"Fine-tuning LLMs, LangChain, Recommendation Systems, Vector Search"
0.01141,"Embeddings, Prompt Engineering, Recommendation Systems, Sentence Transformers"
0.01141,"Information Retrieval, LangChain, RAG, Vector Search"
0.01141,"FAISS, LLMs, RAG, Recommendation Systems"
0.01141,"Embeddings, FAISS, Prompt Engineering, Vector Search"
0.01141,"Fine-tuning LLMs, LangChain, RAG, Sentence Transformers"
0.01141,"Embeddings, LangChain, RAG, Sentence Transformers"
0.01141,"Information Retrieval, LangChain, Prompt Engineering, Vector Search"
0.01141,"Hugging Face Transformers, Information Retrieval, RAG, Vector Search"
0.01141,"Fine-tuning LLMs, LLMs, Prompt Engineering, Sentence Transformers"
0.01141,"LLMs, Pinecone, Recommendation Systems, Semantic Search"
0.01141,"Embeddings, Information Retrieval, LangChain, Recommendation Systems"
0.01141,"Embeddings, FAISS, Fine-tuning LLMs, Vector Search"
0.01141,"Embeddings, Pinecone, Recommendation Systems, Semantic Search"
0.0114,"Fine-tuning LLMs, Hugging Face Transformers, Prompt Engineering, Semantic Search"
0.0114,"Fine-tuning LLMs, LLMs, LangChain, Pinecone"
0.0114,"FAISS, RAG, Semantic Search, Vector Search"
0.0114,"FAISS, Pinecone, RAG, Recommendation Systems"
0.0114,"FAISS, Recommendation Systems, Sentence Transformers, Vector Search"
0.0114,"FAISS, Hugging Face Transformers, Information Retrieval, LangChain"
0.0114,"FAISS, Information Retrieval, Pinecone, Semantic Search"
0.0114,"FAISS, Information Retrieval, LangChain, Sentence Transformers"
0.0114,"Fine-tuning LLMs, LLMs, Semantic Search, Sentence Transformers"
0.0114,"Embeddings, LangChain, Recommendation Systems, Vector Search"
0.0114,"Embeddings, LLMs, RAG, Semantic Search"
0.0114,"Information Retrieval, Prompt Engineering, Recommendation Systems, Vector Search"
0.0114,"Embeddings, LLMs, RAG, Sentence Transformers"
0.0114,"Embeddings, Pinecone, Prompt Engineering, RAG"
0.0114,"Pinecone, Prompt Engineering, RAG, Vector Search"
0.0114,"LLMs, RAG, Recommendation Systems, Sentence Transformers"
0.0114,"Embeddings, Fine-tuning LLMs, LLMs, Recommendation Systems"
0.0114,"Fine-tuning LLMs, LangChain, RAG, Vector Search"
0.0114,"Embeddings, Information Retrieval, Pinecone, Vector Search"
0.0114,"FAISS, Hugging Face Transformers, RAG, Semantic Search"
0.01139,"FAISS, Information Retrieval, RAG, Semantic Search"
0.01139,"LLMs, Prompt Engineering, RAG, Sentence Transformers"
0.01139,"Hugging Face Transformers, RAG, Sentence Transformers, Vector Search"
0.01139,"LLMs, RAG, Recommendation Systems, Semantic Search"
0.01139,"LLMs, Prompt Engineering, Recommendation Systems, Semantic Search"
0.01139,"Embeddings, FAISS, Information Retrieval, Recommendation Systems"
0.01139,"Embeddings, Fine-tuning LLMs, RAG, Semantic Search"
0.01139,"Hugging Face Transformers, Information Retrieval, Prompt Engineering, RAG"
0.01139,"Embeddings, FAISS, RAG, Vector Search"
0.01139,"Fine-tuning LLMs, Pinecone, Prompt Engineering, Vector Search"
0.01139,"Embeddings, Fine-tuning LLMs, LangChain, Prompt Engineering"
0.01139,"FAISS, Fine-tuning LLMs, Hugging Face Transformers, Information Retrieval"
0.01139,"FAISS, Pinecone, Prompt Engineering, Vector Search"
0.01139,"FAISS, Recommendation Systems, Semantic Search, Vector Search"
0.01139,"Fine-tuning LLMs, LLMs, RAG, Sentence Transformers"
0.01139,"LLMs, Pinecone, Prompt Engineering, RAG"
0.01139,"Fine-tuning LLMs, LangChain, RAG, Recommendation Systems"
0.01138,"Embeddings, Recommendation Systems, Semantic Search, Vector Search"
0.01138,"Embeddings, Fine-tuning LLMs, LLMs, Vector Search"
0.01138,"Hugging Face Transformers, RAG, Semantic Search, Sentence Transformers"
0.01138,"Embeddings, Fine-tuning LLMs, LangChain, Vector Search"
0.01138,"FAISS, LLMs, Pinecone, Semantic Search"
0.01138,"Fine-tuning LLMs, Information Retrieval, LLMs, RAG"
0.01138,"Fine-tuning LLMs, Hugging Face Transformers, Recommendation Systems, Vector Search"
0.01138,"Fine-tuning LLMs, LLMs, Pinecone, RAG"
0.01138,"Embeddings, Information Retrieval, RAG, Semantic Search"
0.01138,"Information Retrieval, RAG, Recommendation Systems, Semantic Search"
0.01138,"Embeddings, Fine-tuning LLMs, LangChain, Semantic Search"
0.01138,"Hugging Face Transformers, Information Retrieval, LangChain, RAG"
0.01138,"Fine-tuning LLMs, Information Retrieval, RAG, Semantic Search"
0.01138,"LLMs, Prompt Engineering, RAG, Vector Search"
0.01138,"LLMs, RAG, Sentence Transformers, Vector Search"
0.01138,"Hugging Face Transformers, Prompt Engineering, RAG, Sentence Transformers"
0.01138,"Embeddings, Hugging Face Transformers, Prompt Engineering, Sentence Transformers"
0.01138,"Information Retrieval, LLMs, Pinecone, RAG"
0.01137,"FAISS, Hugging Face Transformers, Information Retrieval, Sentence Transformers"
0.01137,"Fine-tuning LLMs, Hugging Face Transformers, Prompt Engineering, Sentence Transformers"
0.01137,"FAISS, Pinecone, Prompt Engineering, Sentence Transformers"
0.01137,"Fine-tuning LLMs, RAG, Recommendation Systems, Semantic Search"
0.01137,"FAISS, Fine-tuning LLMs, Information Retrieval, Semantic Search"
0.01137,"FAISS, LLMs, Semantic Search, Sentence Transformers"
0.01137,"Fine-tuning LLMs, Hugging Face Transformers, LangChain, Semantic Search"
0.01137,"FAISS, Fine-tuning LLMs, LLMs, Semantic Search"
0.01137,"FAISS, LLMs, Recommendation Systems, Semantic Search"
0.01137,"Hugging Face Transformers, Information Retrieval, Prompt Engineering, Vector Search"
0.01137,"FAISS, Hugging Face Transformers, Pinecone, Semantic Search"
0.01137,"FAISS, Fine-tuning LLMs, Pinecone, Vector Search"
0.01137,"FAISS, Fine-tuning LLMs, LLMs, RAG"
0.01136,"Fine-tuning LLMs, Information Retrieval, Prompt Engineering, Semantic Search"
0.01136,"Fine-tuning LLMs, LLMs, LangChain, RAG"
0.01136,"Fine-tuning LLMs, LangChain, Prompt Engineering, Vector Search"
0.01136,"FAISS, Information Retrieval, Pinecone, RAG"
0.01136,"Fine-tuning LLMs, Information Retrieval, LangChain, RAG"
0.01136,"Embeddings, Hugging Face Transformers, Prompt Engineering, Semantic Search"
0.01136,"FAISS, LLMs, Prompt Engineering, Sentence Transformers"
0.01136,"FAISS, Fine-tuning LLMs, Hugging Face Transformers, Sentence Transformers"
0.01136,"LLMs, LangChain, Pinecone, RAG"
0.01136,"Embeddings, LLMs, LangChain, RAG"
0.01136,"FAISS, Fine-tuning LLMs, LangChain, Prompt Engineering"
0.01135,"Fine-tuning LLMs, LLMs, Prompt Engineering, Recommendation Systems"
0.01135,"LLMs, Pinecone, RAG, Semantic Search"
0.01135,"Embeddings, Information Retrieval, RAG, Vector Search"
0.01135,"Pinecone, RAG, Semantic Search, Sentence Transformers"
0.01135,"Fine-tuning LLMs, Information Retrieval, Prompt Engineering, Recommendation Systems"
0.01135,"Embeddings, LangChain, RAG, Semantic Search"
0.01135,"Embeddings, Fine-tuning LLMs, Information Retrieval, Sentence Transformers"
0.01135,"Fine-tuning LLMs, Hugging Face Transformers, Information Retrieval, LangChain"
0.01135,"Information Retrieval, Pinecone, RAG, Recommendation Systems"
0.01135,"Embeddings, Fine-tuning LLMs, LangChain, RAG"
0.01135,"FAISS, Information Retrieval, Recommendation Systems, Sentence Transformers"
0.01134,"FAISS, Information Retrieval, Pinecone, Recommendation Systems"
0.01134,"FAISS, Prompt Engineering, RAG, Vector Search"
0.01134,"Embeddings, Pinecone, Recommendation Systems, Vector Search"
0.01134,"FAISS, Fine-tuning LLMs, Hugging Face Transformers, Semantic Search"
0.01134,"Information Retrieval, Pinecone, Prompt Engineering, Vector Search"
0.01134,"RAG, Recommendation Systems, Semantic Search, Sentence Transformers"
0.01134,"Fine-tuning LLMs, LLMs, RAG, Recommendation Systems"
0.01134,"LLMs, LangChain, Pinecone, Semantic Search"
0.01134,"Embeddings, FAISS, Hugging Face Transformers, Prompt Engineering"
0.01134,"FAISS, Prompt Engineering, Recommendation Systems, Semantic Search"
0.01134,"Embeddings, Prompt Engineering, Recommendation Systems, Semantic Search"
0.01134,"FAISS, Hugging Face Transformers, Information Retrieval, Recommendation Systems"
0.01134,"FAISS, Pinecone, Recommendation Systems, Vector Search"
0.01133,"Fine-tuning LLMs, Information Retrieval, Pinecone, RAG"
0.01133,"Embeddings, Information Retrieval, Pinecone, RAG"
0.01133,"FAISS, Information Retrieval, Pinecone, Sentence Transformers"
0.01133,"FAISS, Fine-tuning LLMs, LangChain, RAG"
0.01133,"Fine-tuning LLMs, LLMs, Prompt Engineering, Vector Search"
0.01133,"Fine-tuning LLMs, Information Retrieval, Prompt Engineering, RAG"
0.01133,"Fine-tuning LLMs, Prompt Engineering, Sentence Transformers, Vector Search"
0.01133,"Embeddings, Fine-tuning LLMs, LangChain, Recommendation Systems"
0.01133,"Fine-tuning LLMs, RAG, Semantic Search, Sentence Transformers"
0.01133,"FAISS, Prompt Engineering, Semantic Search, Vector Search"
0.01133,"Fine-tuning LLMs, Information Retrieval, LangChain, Recommendation Systems"
0.01132,"Embeddings, FAISS, Fine-tuning LLMs, Recommendation Systems"
0.01132,"Embeddings, Fine-tuning LLMs, Hugging Face Transformers, Prompt Engineering"
0.01132,"Embeddings, Pinecone, RAG, Sentence Transformers"
0.01132,"Embeddings, RAG, Semantic Search, Sentence Transformers"
0.01132,"Fine-tuning LLMs, Hugging Face Transformers, Information Retrieval, Recommendation Systems"
0.01132,"FAISS, Pinecone, Prompt Engineering, Semantic Search"
0.01132,"Fine-tuning LLMs, LLMs, LangChain, Prompt Engineering"
0.01132,"Fine-tuning LLMs, Information Retrieval, LLMs, Prompt Engineering"
0.01132,"Fine-tuning LLMs, Prompt Engineering, Recommendation Systems, Vector Search"
0.01132,"Fine-tuning LLMs, Hugging Face Transformers, Recommendation Systems, Semantic Search"
0.01132,"Embeddings, FAISS, Pinecone, Sentence Transformers"
0.01131,"FAISS, LLMs, Prompt Engineering, Semantic Search"
0.01131,"FAISS, LLMs, RAG, Sentence Transformers"
0.01131,"Fine-tuning LLMs, Hugging Face Transformers, LangChain, Recommendation Systems"
0.01131,"Embeddings, RAG, Semantic Search, Vector Search"
0.01131,"Embeddings, FAISS, Semantic Search, Sentence Transformers"
0.01131,"Embeddings, Hugging Face Transformers, Information Retrieval, Prompt Engineering"
0.0113,"FAISS, Fine-tuning LLMs, Recommendation Systems, Sentence Transformers"
0.0113,"FAISS, LangChain, Prompt Engineering, Sentence Transformers"
0.0113,"FAISS, Fine-tuning LLMs, Hugging Face Transformers, Recommendation Systems"
0.0113,"FAISS, Fine-tuning LLMs, Hugging Face Transformers, Prompt Engineering"
0.0113,"Embeddings, Fine-tuning LLMs, Recommendation Systems, Semantic Search"
0.0113,"Embeddings, Information Retrieval, Recommendation Systems, Vector Search"
0.0113,"Fine-tuning LLMs, LLMs, Recommendation Systems, Semantic Search"
0.0113,"FAISS, Fine-tuning LLMs, Pinecone, Semantic Search"
0.0113,"Information Retrieval, Pinecone, Recommendation Systems, Vector Search"
0.01129,"Embeddings, Pinecone, RAG, Semantic Search"
0.01129,"Embeddings, FAISS, Fine-tuning LLMs, Semantic Search"
0.01129,"Fine-tuning LLMs, Hugging Face Transformers, Prompt Engineering, Recommendation Systems"
0.01129,"Embeddings, LLMs, LangChain, Pinecone"
0.01129,"FAISS, Information Retrieval, LangChain, Prompt Engineering"
0.01129,"Embeddings, LLMs, Pinecone, RAG"
0.01129,"FAISS, Hugging Face Transformers, Prompt Engineering, Semantic Search"
0.01129,"FAISS, Information Retrieval, RAG, Vector Search"
0.01128,"FAISS, Pinecone, Semantic Search, Vector Search"
0.01128,"FAISS, Information Retrieval, Prompt Engineering, Recommendation Systems"
0.01128,"RAG, Semantic Search, Sentence Transformers, Vector Search"
0.01128,"FAISS, Prompt Engineering, RAG, Semantic Search"
0.01128,"Embeddings, LLMs, Prompt Engineering, RAG"
0.01128,"Information Retrieval, Pinecone, RAG, Sentence Transformers"
0.01128,"FAISS, Fine-tuning LLMs, Information Retrieval, LangChain"
0.01128,"Embeddings, Prompt Engineering, Recommendation Systems, Vector Search"
0.01127,"Fine-tuning LLMs, Prompt Engineering, RAG, Vector Search"
0.01127,"Hugging Face Transformers, Information Retrieval, RAG, Recommendation Systems"
0.01127,"Fine-tuning LLMs, Prompt Engineering, Semantic Search, Sentence Transformers"
0.01127,"FAISS, Information Retrieval, Semantic Search, Sentence Transformers"
0.01127,"Embeddings, Fine-tuning LLMs, Information Retrieval, Recommendation Systems"
0.01127,"Hugging Face Transformers, RAG, Recommendation Systems, Sentence Transformers"
0.01127,"FAISS, Fine-tuning LLMs, Recommendation Systems, Vector Search"
0.01127,"Embeddings, Pinecone, RAG, Vector Search"
0.01127,"FAISS, Hugging Face Transformers, Recommendation Systems, Semantic Search"
0.01127,"Information Retrieval, RAG, Semantic Search, Sentence Transformers"
0.01127,"LLMs, Pinecone, RAG, Recommendation Systems"
0.01126,"Fine-tuning LLMs, Hugging Face Transformers, Information Retrieval, Prompt Engineering"
0.01126,"Embeddings, FAISS, Pinecone, RAG"
0.01126,"FAISS, Fine-tuning LLMs, Prompt Engineering, Recommendation Systems"
0.01126,"Embeddings, Prompt Engineering, RAG, Recommendation Systems"
0.01126,"FAISS, RAG, Recommendation Systems, Semantic Search"
0.01126,"Fine-tuning LLMs, Information Retrieval, Sentence Transformers, Vector Search"
0.01126,"LLMs, Pinecone, RAG, Sentence Transformers"
0.01126,"Fine-tuning LLMs, Pinecone, RAG, Vector Search"
0.01126,"Hugging Face Transformers, Information Retrieval, Prompt Engineering, Sentence Transformers"
0.01126,"Embeddings, Fine-tuning LLMs, LLMs, LangChain"
0.01126,"Fine-tuning LLMs, LLMs, Prompt Engineering, Semantic Search"
0.01126,"Embeddings, Information Retrieval, Prompt Engineering, Semantic Search"
0.01126,"Embeddings, Information Retrieval, Prompt Engineering, Recommendation Systems"
0.01125,"Pinecone, RAG, Recommendation Systems, Vector Search"
0.01125,"FAISS, Information Retrieval, Pinecone, Vector Search"
0.01125,"Embeddings, LLMs, Pinecone, Recommendation Systems"
0.01125,"Embeddings, Pinecone, Prompt Engineering, Vector Search"
0.01124,"Embeddings, LLMs, Prompt Engineering, Sentence Transformers"
0.01124,"Embeddings, LLMs, Recommendation Systems, Semantic Search"
0.01124,"Embeddings, Fine-tuning LLMs, Sentence Transformers, Vector Search"
0.01124,"FAISS, Information Retrieval, Prompt Engineering, Vector Search"
0.01124,"FAISS, Recommendation Systems, Semantic Search, Sentence Transformers"
0.01124,"Embeddings, FAISS, Recommendation Systems, Semantic Search"
0.01124,"Fine-tuning LLMs, Information Retrieval, LangChain, Vector Search"
0.01124,"Embeddings, Prompt Engineering, RAG, Semantic Search"
0.01124,"Fine-tuning LLMs, Pinecone, RAG, Sentence Transformers"
0.01124,"Fine-tuning LLMs, Prompt Engineering, RAG, Sentence Transformers"
0.01124,"FAISS, Fine-tuning LLMs, Pinecone, RAG"
0.01123,"FAISS, Pinecone, RAG, Vector Search"
0.01123,"Embeddings, FAISS, Fine-tuning LLMs, Sentence Transformers"
0.01123,"FAISS, Hugging Face Transformers, Information Retrieval, Prompt Engineering"
0.01123,"Fine-tuning LLMs, Information Retrieval, RAG, Recommendation Systems"
0.01123,"Embeddings, Information Retrieval, Prompt Engineering, RAG"
0.01123,"Embeddings, Fine-tuning LLMs, LLMs, Semantic Search"
0.01123,"Embeddings, Fine-tuning LLMs, Information Retrieval, RAG"
0.01123,"FAISS, Hugging Face Transformers, Semantic Search, Sentence Transformers"
0.01122,"Embeddings, Pinecone, RAG, Recommendation Systems"
0.01122,"FAISS, LangChain, RAG, Sentence Transformers"
0.01122,"Information Retrieval, RAG, Recommendation Systems, Sentence Transformers"
0.01122,"Fine-tuning LLMs, RAG, Recommendation Systems, Vector Search"
0.01122,"Fine-tuning LLMs, Information Retrieval, Pinecone, Vector Search"
0.01122,"FAISS, Information Retrieval, Prompt Engineering, RAG"
0.01122,"Embeddings, LLMs, Prompt Engineering, Vector Search"
0.01122,"FAISS, Information Retrieval, Recommendation Systems, Vector Search"
0.01122,"Embeddings, FAISS, Prompt Engineering, RAG"
0.01121,"Embeddings, Prompt Engineering, Semantic Search, Sentence Transformers"
0.01121,"Embeddings, Fine-tuning LLMs, Prompt Engineering, Recommendation Systems"
0.01121,"Embeddings, LangChain, RAG, Recommendation Systems"
0.01121,"Embeddings, Prompt Engineering, Sentence Transformers, Vector Search"
0.01121,"Fine-tuning LLMs, RAG, Recommendation Systems, Sentence Transformers"
0.01121,"FAISS, Prompt Engineering, Sentence Transformers, Vector Search"
0.0112,"Embeddings, Fine-tuning LLMs, Recommendation Systems, Vector Search"
0.0112,"Embeddings, Prompt Engineering, Semantic Search, Vector Search"
0.0112,"Embeddings, FAISS, Pinecone, Semantic Search"
0.0112,"Embeddings, Fine-tuning LLMs, Prompt Engineering, Semantic Search"
0.0112,"Embeddings, Information Retrieval, Prompt Engineering, Vector Search"
0.0112,"FAISS, Fine-tuning LLMs, Recommendation Systems, Semantic Search"
0.0112,"FAISS, Pinecone, Recommendation Systems, Semantic Search"
0.0112,"FAISS, RAG, Recommendation Systems, Vector Search"
0.01119,"FAISS, Information Retrieval, Recommendation Systems, Semantic Search"
0.01119,"Embeddings, Fine-tuning LLMs, RAG, Vector Search"
0.01119,"Embeddings, LLMs, Pinecone, Semantic Search"
0.01119,"Embeddings, LLMs, LangChain, Prompt Engineering"
0.01119,"Embeddings, Fine-tuning LLMs, Information Retrieval, Prompt Engineering"
0.01119,"LLMs, Pinecone, RAG, Vector Search"
0.01118,"Embeddings, Fine-tuning LLMs, Prompt Engineering, RAG"
0.01118,"FAISS, Fine-tuning LLMs, Prompt Engineering, Vector Search"
0.01118,"Embeddings, LLMs, RAG, Recommendation Systems"
0.01117,"Information Retrieval, RAG, Recommendation Systems, Vector Search"
0.01117,"FAISS, Fine-tuning LLMs, Sentence Transformers, Vector Search"
0.01117,"Prompt Engineering, RAG, Sentence Transformers, Vector Search"
0.01117,"Fine-tuning LLMs, Information Retrieval, Prompt Engineering, Sentence Transformers"
0.01117,"FAISS, Hugging Face Transformers, Prompt Engineering, Sentence Transformers"
0.01117,"Fine-tuning LLMs, LLMs, LangChain, Recommendation Systems"
0.01116,"FAISS, Fine-tuning LLMs, RAG, Semantic Search"
0.01116,"Fine-tuning LLMs, Information Retrieval, Recommendation Systems, Vector Search"
0.01116,"FAISS, Pinecone, RAG, Semantic Search"
0.01116,"Embeddings, Fine-tuning LLMs, RAG, Sentence Transformers"
0.01115,"Fine-tuning LLMs, LLMs, LangChain, Semantic Search"
0.01115,"Embeddings, LLMs, Pinecone, Prompt Engineering"
0.01115,"FAISS, Fine-tuning LLMs, Prompt Engineering, RAG"
0.01115,"Fine-tuning LLMs, RAG, Sentence Transformers, Vector Search"
0.01115,"RAG, Recommendation Systems, Sentence Transformers, Vector Search"
0.01115,"FAISS, Pinecone, Sentence Transformers, Vector Search"
0.01114,"FAISS, Fine-tuning LLMs, Semantic Search, Sentence Transformers"
0.01114,"FAISS, Fine-tuning LLMs, Pinecone, Sentence Transformers"
0.01114,"Embeddings, LLMs, LangChain, Semantic Search"
0.01114,"FAISS, Information Retrieval, RAG, Recommendation Systems"
0.01114,"FAISS, Fine-tuning LLMs, Information Retrieval, Vector Search"
0.01113,"Pinecone, RAG, Sentence Transformers, Vector Search"
0.01113,"Embeddings, LLMs, LangChain, Recommendation Systems"
0.01113,"Information Retrieval, Prompt Engineering, RAG, Vector Search"
0.01113,"Embeddings, Information Retrieval, Prompt Engineering, Sentence Transformers"
0.01112,"Embeddings, FAISS, RAG, Semantic Search"
0.01112,"Hugging Face Transformers, Information Retrieval, RAG, Sentence Transformers"
0.01112,"Information Retrieval, Pinecone, RAG, Vector Search"
0.01112,"Embeddings, Fine-tuning LLMs, RAG, Recommendation Systems"
0.01111,"Embeddings, Prompt Engineering, RAG, Vector Search"
0.01111,"Embeddings, Fine-tuning LLMs, Information Retrieval, Vector Search"
0.01111,"Embeddings, Fine-tuning LLMs, LLMs, Prompt Engineering"
0.0111,"FAISS, Fine-tuning LLMs, Information Retrieval, Sentence Transformers"
0.0111,"FAISS, Hugging Face Transformers, RAG, Sentence Transformers"
0.0111,"Embeddings, FAISS, Prompt Engineering, Semantic Search"
0.01109,"Embeddings, Information Retrieval, RAG, Sentence Transformers"
0.01109,"Embeddings, FAISS, Fine-tuning LLMs, RAG"
0.01109,"Embeddings, RAG, Recommendation Systems, Vector Search"
0.01108,"Embeddings, RAG, Sentence Transformers, Vector Search"
0.01108,"FAISS, Fine-tuning LLMs, Information Retrieval, Recommendation Systems"
0.01107,"FAISS, Fine-tuning LLMs, Prompt Engineering, Semantic Search"
0.01107,"FAISS, Pinecone, Semantic Search, Sentence Transformers"
0.01107,"Embeddings, FAISS, RAG, Recommendation Systems"
0.01106,"Embeddings, LLMs, Prompt Engineering, Recommendation Systems"
0.01106,"Fine-tuning LLMs, Information Retrieval, RAG, Sentence Transformers"
0.01106,"Information Retrieval, RAG, Sentence Transformers, Vector Search"
0.01105,"FAISS, Information Retrieval, Prompt Engineering, Semantic Search"
0.01105,"FAISS, Fine-tuning LLMs, Information Retrieval, RAG"
0.01104,"FAISS, Fine-tuning LLMs, Prompt Engineering, Sentence Transformers"
0.01104,"FAISS, Fine-tuning LLMs, RAG, Vector Search"
0.01104,"Embeddings, Fine-tuning LLMs, Prompt Engineering, Vector Search"
0.01103,"Fine-tuning LLMs, Information Retrieval, Prompt Engineering, Vector Search"
0.01102,"Embeddings, FAISS, Fine-tuning LLMs, Prompt Engineering"
0.01101,"Embeddings, Information Retrieval, RAG, Recommendation Systems"
0.01101,"Embeddings, RAG, Recommendation Systems, Sentence Transformers"
0.01101,"Embeddings, Fine-tuning LLMs, Prompt Engineering, Sentence Transformers"
0.011,"FAISS, Prompt Engineering, Semantic Search, Sentence Transformers"
0.011,"Embeddings, RAG, Recommendation Systems, Semantic Search"
0.011,"Fine-tuning LLMs, Information Retrieval, RAG, Vector Search"
0.01099,"Embeddings, Prompt Engineering, RAG, Sentence Transformers"
0.01099,"Embeddings, LLMs, Prompt Engineering, Semantic Search"
0.01098,"FAISS, Fine-tuning LLMs, Information Retrieval, Prompt Engineering"
0.01097,"FAISS, RAG, Recommendation Systems, Sentence Transformers"
0.01097,"Information Retrieval, Prompt Engineering, RAG, Sentence Transformers"
0.01095,"Embeddings, FAISS, Prompt Engineering, Sentence Transformers"
0.01094,"FAISS, Fine-tuning LLMs, RAG, Recommendation Systems"
0.01092,"FAISS, Information Retrieval, RAG, Sentence Transformers"
0.0109,"Embeddings, FAISS, RAG, Sentence Transformers"
0.01089,"FAISS, Prompt Engineering, RAG, Sentence Transformers"
0.01089,"FAISS, RAG, Semantic Search, Sentence Transformers"
0.01088,"FAISS, RAG, Sentence Transformers, Vector Search"
0.01086,"FAISS, Information Retrieval, Prompt Engineering, Sentence Transformers"
0.01083,"FAISS, Fine-tuning LLMs, RAG, Sentence Transformers"
0.01082,"FAISS, Pinecone, RAG, Sentence Transformers"
